Date,Reliance Industries,TCS,HDFC Bank,Infosys,ICICI Bank,NIFTY 50
2024-10-07,1358.98876953125,3969.7373046875,785.12646484375,1818.2059326171875,1214.215576171875,24795.75
2024-10-08,1385.3857421875,3951.527099609375,801.2627563476562,1831.6007080078125,1216.8724365234375,25013.150390625
2024-10-09,1362.8306884765625,3951.24853515625,792.5758666992188,1835.5484619140625,1224.3021240234375,24981.94921875
2024-10-10,1359.31103515625,3927.510498046875,806.7709350585938,1803.8240966796875,1223.662353515625,24998.44921875
2024-10-11,1360.35205078125,3854.858154296875,801.238525390625,1818.9578857421875,1203.4893798828125,24964.25
2024-10-14,1360.7734375,3843.19873046875,819.2432861328125,1841.3294677734375,1212.099853515625,25127.94921875
2024-10-15,1332.5174560546875,3824.75634765625,817.3020629882812,1841.7054443359375,1235.4710693359375,25057.349609375
2024-10-16,1342.4814453125,3804.456787109375,824.92138671875,1804.858154296875,1223.3179931640625,24971.30078125
2024-10-17,1344.811279296875,3817.510009765625,811.9879760742188,1849.977294921875,1211.6077880859375,24749.849609375
2024-10-18,1347.66162109375,3839.908447265625,816.2101440429688,1766.7889404296875,1244.327392578125,24854.05078125
2024-10-21,1357.4769287109375,3799.67529296875,838.9466552734375,1741.5504150390625,1238.9644775390625,24781.099609375
2024-10-22,1331.84814453125,3739.744140625,832.0796508789062,1740.4693603515625,1247.279541015625,24472.099609375
2024-10-23,1327.064453125,3787.009033203125,842.3923950195312,1760.9610595703125,1231.6331787109375,24435.5
2024-10-24,1328.3287353515625,3769.919189453125,849.1138305664062,1751.51416015625,1232.764892578125,24399.400390625
2024-10-25,1316.4808349609375,3778.906494140625,846.0806884765625,1750.2923583984375,1235.4217529296875,24180.80078125
2024-10-28,1322.9251708984375,3809.919677734375,841.6158447265625,1753.3941650390625,1272.2252197265625,24339.150390625
2024-10-29,1328.52685546875,3795.39111328125,850.1815185546875,1748.59326171875,1310.60302734375,24466.849609375
2024-10-30,1332.3935546875,3804.145263671875,841.8099975585938,1713.2276611328125,1291.21728515625,24340.849609375
2024-10-31,1320.64501953125,3695.9248046875,842.3438110351562,1670.589599609375,1271.634765625,24205.349609375
2024-11-01,1327.1884765625,3710.593994140625,843.120361328125,1674.011962890625,1271.1920166015625,24304.349609375
2024-11-04,1291.0009765625,3691.92041015625,831.8612060546875,1676.674072265625,1256.8248291015625,23995.349609375
2024-11-05,1294.1240234375,3698.626220703125,853.0933227539062,1667.6900634765625,1276.013671875,24213.30078125
2024-11-06,1314.0023193359375,3855.367919921875,851.8316040039062,1733.762451171875,1281.5736083984375,24484.05078125
2024-11-07,1294.4710693359375,3865.845947265625,847.6094360351562,1714.1309814453125,1258.3009033203125,24199.349609375
2024-11-08,1272.7584228515625,3862.213623046875,851.4432983398438,1739.7042236328125,1238.7674560546875,24148.19921875
2024-11-11,1261.802978515625,3910.36328125,857.1942138671875,1768.367431640625,1249.0509033203125,24141.30078125
2024-11-12,1263.33984375,3909.152587890625,833.8509521484375,1776.638427734375,1250.3302001953125,23883.44921875
2024-11-13,1241.3299560546875,3865.33349609375,815.967529296875,1776.2581787109375,1233.69970703125,23559.05078125
2024-11-14,1256.746826171875,3861.18896484375,821.5,1772.59814453125,1236.8978271484375,23532.69921875
2024-11-18,1249.9554443359375,3743.4697265625,827.4934692382812,1722.11669921875,1233.45361328125,23453.80078125
2024-11-19,1231.0189208984375,3762.142822265625,845.5225830078125,1734.7608642578125,1229.173095703125,23518.5
2024-11-21,1212.5286865234375,3793.15576171875,845.0130004882812,1743.6021728515625,1230.60009765625,23349.900390625
2024-11-22,1254.5655517578125,3953.111572265625,847.1483764648438,1808.438720703125,1257.6612548828125,23907.25
2024-11-25,1275.9805908203125,4018.770263671875,866.560546875,1796.507568359375,1280.1959228515625,24221.900390625
2024-11-26,1284.606201171875,4053.787353515625,866.5363159179688,1829.2587890625,1284.132080078125,24194.5
2024-11-27,1282.1275634765625,4035.021240234375,879.5182495117188,1829.591552734375,1279.9498291015625,24274.900390625
2024-11-28,1259.91943359375,3953.39013671875,870.224609375,1765.0875244140625,1265.828857421875,23914.150390625
2024-11-29,1281.1361083984375,3977.558837890625,871.632080078125,1766.2283935546875,1279.3594970703125,24131.099609375
2024-12-02,1297.941162109375,3982.960205078125,875.8298950195312,1787.0960693359375,1283.8370361328125,24276.05078125
2024-12-03,1311.9698486328125,4007.267822265625,886.3125610351562,1798.7894287109375,1287.527099609375,24457.150390625
2024-12-04,1297.74267578125,4055.370361328125,902.7157592773438,1796.0799560546875,1295.0550537109375,24467.44921875
2024-12-05,1310.7305908203125,4157.49072265625,905.4577026367188,1839.4310302734375,1315.1787109375,24708.400390625
2024-12-06,1300.3204345703125,4140.21484375,900.6531982421875,1827.5950927734375,1307.552490234375,24677.80078125
2024-12-09,1284.0609130859375,4146.40771484375,907.520263671875,1828.7835693359375,1301.2054443359375,24619.0
2024-12-10,1273.8489990234375,4128.15380859375,906.59814453125,1852.4554443359375,1309.225341796875,24610.05078125
2024-12-11,1267.2559814453125,4123.404296875,904.1716918945312,1876.79296875,1306.3223876953125,24641.80078125
2024-12-12,1252.0870361328125,4149.01611328125,902.30322265625,1889.0093994140625,1308.04443359375,24548.69921875
2024-12-13,1261.951904296875,4166.66455078125,908.3695678710938,1901.0828857421875,1323.44482421875,24768.30078125
2024-12-16,1257.44091796875,4111.99560546875,905.1907958984375,1882.402099609375,1324.6256103515625,24668.25
2024-12-17,1234.6376953125,4031.249755859375,889.6853637695312,1879.1220703125,1312.4727783203125,24336.0
2024-12-18,1242.5196533203125,4049.270751953125,878.74169921875,1881.54638671875,1293.1854248046875,24198.849609375
2024-12-19,1219.914794921875,3978.53662109375,870.3944702148438,1850.22119140625,1266.3701171875,23951.69921875
2024-12-20,1194.980224609375,3883.91357421875,859.7177734375,1827.3575439453125,1267.8460693359375,23587.5
2024-12-23,1211.834716796875,3872.7373046875,874.0343017578125,1829.4013671875,1276.1121826171875,23753.44921875
2024-12-24,1212.28076171875,3892.481689453125,872.6268310546875,1814.9034423828125,1276.554931640625,23727.650390625
2024-12-26,1206.1339111328125,3882.7958984375,869.0598754882812,1813.3348388671875,1276.6534423828125,23750.19921875
2024-12-27,1210.595458984375,3878.838134765625,872.6996459960938,1822.2237548828125,1286.690673828125,23813.400390625
2024-12-30,1200.333984375,3873.203125,862.82373046875,1812.00390625,1273.9964599609375,23644.900390625
2024-12-31,1205.043212890625,3813.598388671875,860.3729248046875,1787.2860107421875,1261.203857421875,23644.80078125
2025-01-01,1210.7935791015625,3830.036865234375,865.1774291992188,1789.6627197265625,1263.1719970703125,23742.900390625
2025-01-02,1231.167724609375,3888.989013671875,870.5158081054688,1861.2967529296875,1270.0111083984375,24188.650390625
2025-01-03,1240.437744140625,3818.34814453125,848.8954467773438,1843.138671875,1244.8687744140625,24004.75
2025-01-06,1207.5714111328125,3813.784423828125,830.1141357421875,1842.283203125,1243.933837890625,23616.05078125
2025-01-07,1230.2257080078125,3751.6650390625,831.5215454101562,1835.6282958984375,1258.842041015625,23707.900390625
2025-01-08,1254.664794921875,3826.264404296875,822.252197265625,1837.81494140625,1243.5894775390625,23688.94921875
2025-01-09,1244.0067138671875,3761.490478515625,809.3916625976562,1822.7467041015625,1242.260986328125,23526.5
2025-01-10,1231.266845703125,3972.715087890625,804.0289916992188,1869.947998046875,1229.9111328125,23431.5
2025-01-13,1229.234375,3996.41796875,791.4596557617188,1865.4322509765625,1210.1317138671875,23085.94921875
2025-01-14,1228.143798828125,3942.354736328125,799.1030883789062,1844.374755859375,1220.5135498046875,23176.05078125
2025-01-15,1241.478515625,3957.767822265625,797.3803100585938,1853.501220703125,1218.4962158203125,23213.19921875
2025-01-16,1255.6065673828125,3917.44091796875,801.7481079101562,1833.3466796875,1229.173095703125,23311.80078125
2025-01-17,1291.19921875,3911.75,794.3228759765625,1725.9193115234375,1205.900390625,23203.19921875
2025-01-20,1294.272705078125,3867.64697265625,801.3598022460938,1723.87548828125,1213.2806396484375,23344.75
2025-01-21,1262.7945556640625,3827.85888671875,797.0648803710938,1711.896728515625,1177.0677490234375,23024.650390625
2025-01-22,1266.1654052734375,3942.385986328125,808.5423583984375,1764.8974609375,1181.2991943359375,23155.349609375
2025-01-23,1252.83056640625,3931.810546875,807.9842529296875,1773.4534912109375,1182.5784912109375,23205.349609375
2025-01-24,1235.6292724609375,3938.355224609375,800.6561279296875,1782.96044921875,1189.90966796875,23092.19921875
2025-01-27,1218.82421875,3855.649169921875,790.9500732421875,1732.1463623046875,1208.3603515625,22829.150390625
2025-01-28,1223.8311767578125,3832.07958984375,810.6534423828125,1739.51416015625,1227.00830078125,22957.25
2025-01-29,1224.921630859375,3888.5126953125,814.0020141601562,1788.474365234375,1231.682373046875,23163.099609375
2025-01-30,1242.3214111328125,3888.75,820.8933715820312,1768.224853515625,1235.5694580078125,23249.5
2025-01-31,1254.2681884765625,3900.4638671875,824.4118041992188,1787.0960693359375,1232.814208984375,23508.400390625
2025-02-01,1253.7724609375,3863.236572265625,820.6264038085938,1760.0489501953125,1235.520263671875,23482.150390625
2025-02-03,1235.232666015625,3858.968505859375,814.3417358398438,1771.40966796875,1233.0108642578125,23361.05078125
2025-02-04,1274.196044921875,3895.389404296875,835.1613159179688,1805.1590576171875,1247.9683837890625,23739.25
2025-02-05,1267.2559814453125,3880.26171875,843.363037109375,1803.495361328125,1247.476318359375,23696.30078125
2025-02-06,1270.577392578125,3872.341552734375,846.299072265625,1821.177978515625,1252.1014404296875,23603.349609375
2025-02-07,1255.8544921875,3821.741455078125,840.9122314453125,1809.769775390625,1236.8487548828125,23559.94921875
2025-02-10,1242.916259765625,3828.90185546875,832.6619873046875,1787.5712890625,1242.4576416015625,23381.599609375
2025-02-11,1224.2772216796875,3759.28466796875,825.6978759765625,1783.150634765625,1232.764892578125,23071.80078125
2025-02-12,1206.1339111328125,3746.575439453125,828.3185424804688,1771.26708984375,1231.830078125,23045.25
2025-02-13,1205.687744140625,3708.636962890625,823.9022216796875,1752.348388671875,1228.976318359375,23031.400390625
2025-02-14,1206.827880859375,3732.064208984375,822.5191040039062,1764.849853515625,1239.9976806640625,22929.25
2025-02-17,1214.412353515625,3703.278076171875,833.4384765625,1751.4453125,1231.1904296875,22959.5
2025-02-18,1214.908203125,3673.591064453125,836.2047119140625,1760.619384765625,1223.2196044921875,22945.30078125
2025-02-19,1216.9405517578125,3589.083251953125,838.2186889648438,1721.498779296875,1241.5228271484375,22932.900390625
2025-02-20,1222.4429931640625,3584.62548828125,818.7579956054688,1735.14111328125,1230.009521484375,22913.150390625
2025-02-21,1217.634521484375,3590.88525390625,821.3786010742188,1725.4915771484375,1213.2806396484375,22795.900390625
2025-02-24,1204.1510009765625,3486.1748046875,813.9049682617188,1677.1016845703125,1198.9136962890625,22553.349609375
2025-02-25,1193.6912841796875,3442.497802734375,816.4527587890625,1680.524169921875,1204.6212158203125,22547.55078125
2025-02-27,1196.7647705078125,3426.3740234375,825.3580932617188,1677.2919921875,1202.9482421875,22545.05078125
2025-02-28,1189.82470703125,3303.737548828125,840.7423095703125,1604.469482421875,1184.8909912109375,22124.69921875
2025-03-03,1161.2216796875,3313.03271484375,825.7706909179688,1624.3387451171875,1186.9573974609375,22119.30078125
2025-03-04,1151.9517822265625,3350.022705078125,829.8715209960938,1605.0400390625,1191.0904541015625,22082.650390625
2025-03-05,1165.5345458984375,3364.249755859375,820.1654052734375,1627.0958251953125,1196.3057861328125,22337.30078125
2025-03-06,1199.243408203125,3415.98876953125,820.7477416992188,1631.2313232421875,1198.618408203125,22544.69921875
2025-03-07,1239.0992431640625,3425.093505859375,819.8014526367188,1602.8533935546875,1195.17431640625,22552.5
2025-03-10,1227.7967529296875,3404.654541015625,818.9521484375,1617.54150390625,1195.469482421875,22460.30078125
2025-03-11,1236.62060546875,3391.04345703125,817.9815063476562,1579.6566162109375,1225.5321044921875,22497.900390625
2025-03-12,1246.287109375,3325.5048828125,830.4296264648438,1512.395751953125,1224.105224609375,22470.5
2025-03-13,1237.215576171875,3330.10498046875,828.221435546875,1501.938232421875,1230.1080322265625,22397.19921875
2025-03-17,1228.2427978515625,3317.442626953125,830.065673828125,1511.6353759765625,1248.755615234375,22508.75
2025-03-18,1228.2427978515625,3317.442626953125,830.065673828125,1511.6353759765625,1248.755615234375,22834.30078125
2025-03-19,1236.471923828125,3316.8740234375,846.42041015625,1508.307861328125,1292.152099609375,22907.599609375
2025-03-20,1258.2835693359375,3379.51953125,858.3831787109375,1535.877685546875,1300.6148681640625,23190.650390625
2025-03-21,1265.4217529296875,3393.699462890625,859.15966796875,1514.011962890625,1321.6734619140625,23350.400390625
2025-03-24,1290.9512939453125,3441.9287109375,873.5489501953125,1514.2021484375,1336.4835205078125,23658.349609375
2025-03-25,1274.4439697265625,3469.24462890625,883.958740234375,1548.141357421875,1322.263916015625,23668.650390625
2025-03-26,1262.150146484375,3448.42578125,876.7277221679688,1520.571533203125,1314.58837890625,23486.849609375
2025-03-27,1267.2559814453125,3463.0322265625,885.8514404296875,1524.469482421875,1315.326416015625,23591.94921875
2025-03-28,1264.1824951171875,3420.3037109375,887.2344970703125,1493.1920166015625,1326.8397216796875,23519.349609375
2025-04-01,1241.8751220703125,3367.80615234375,857.9463500976562,1451.21923828125,1297.4166259765625,23165.69921875
2025-04-02,1240.437744140625,3361.30908203125,872.0444946289062,1473.7030029296875,1310.0125732421875,23332.349609375
2025-04-03,1238.0086669921875,3227.765380859375,871.0496826171875,1422.69873046875,1308.3397216796875,23250.099609375
2025-04-04,1194.38525390625,3129.3623046875,881.9447631835938,1380.0606689453125,1313.998046875,22904.44921875
2025-04-07,1155.7191162109375,3105.31884765625,853.0205078125,1327.8680419921875,1267.009765625,22161.599609375
2025-04-08,1172.0780029296875,3123.244873046875,858.5773315429688,1358.3375244140625,1279.1627197265625,22535.849609375
2025-04-09,1175.2010498046875,3079.283935546875,856.5632934570312,1334.4752197265625,1280.04833984375,22399.150390625
2025-04-11,1208.5133056640625,3064.9619140625,876.8247680664062,1339.941650390625,1290.7252197265625,22828.55078125
2025-04-15,1229.4822998046875,3080.80078125,905.0452270507812,1355.675537109375,1328.66015625,23328.55078125
2025-04-16,1228.689208984375,3105.081787109375,911.4027099609375,1343.41162109375,1334.7613525390625,23437.19921875
2025-04-17,1263.5877685546875,3128.887939453125,925.3309326171875,1349.49609375,1384.2589111328125,23851.650390625
2025-04-21,1284.4078369140625,3150.418212890625,935.2311401367188,1379.442626953125,1387.3094482421875,24125.55078125
2025-04-22,1280.144775390625,3143.589599609375,952.0227661132812,1352.6334228515625,1393.9024658203125,24167.25
2025-04-23,1288.869384765625,3237.108154296875,933.67822265625,1402.1640625,1401.676513671875,24328.94921875
2025-04-24,1290.4556884765625,3226.295654296875,930.2325439453125,1398.8365478515625,1380.32275390625,24246.69921875
2025-04-25,1289.2659912109375,3270.304443359375,927.5148315429688,1407.2025146484375,1382.3892822265625,24039.349609375
2025-04-28,1357.0804443359375,3266.0361328125,931.882568359375,1409.0087890625,1406.00634765625,24328.5
2025-04-29,1387.7156982421875,3293.541748046875,926.35009765625,1423.6494140625,1406.990478515625,24335.94921875
2025-04-30,1392.9703369140625,3275.710693359375,934.2120361328125,1426.1212158203125,1404.2349853515625,24334.19921875
2025-05-02,1407.6436767578125,3254.180419921875,932.7075805664062,1432.5859375,1407.2855224609375,24346.69921875
2025-05-05,1419.0452880859375,3276.27978515625,939.9386596679688,1434.201904296875,1406.5968017578125,24461.150390625
2025-05-06,1408.7342529296875,3281.68603515625,937.4635620117188,1436.958984375,1408.7615966796875,24379.599609375
2025-05-07,1393.9617919921875,3267.553955078125,944.2093505859375,1433.9168701171875,1412.5010986328125,24414.400390625
2025-05-08,1394.9532470703125,3271.158203125,935.91064453125,1436.8638916015625,1412.599365234375,24273.80078125
2025-05-09,1365.4083251953125,3263.001220703125,917.0807495117188,1433.2513427734375,1366.742919921875,24008.0
2025-05-12,1424.2005615234375,3433.819580078125,949.8388671875,1546.66796875,1425.39208984375,24924.69921875
2025-05-13,1403.57861328125,3333.8515625,933.0473022460938,1491.2430419921875,1407.777587890625,24578.349609375
2025-05-14,1412.204345703125,3365.814697265625,927.2236938476562,1513.869384765625,1403.44775390625,24666.900390625
2025-05-15,1441.7491455078125,3395.406494140625,938.4827270507812,1533.4534912109375,1427.6553955078125,25062.099609375
2025-05-16,1443.9302978515625,3377.765380859375,938.9194946289062,1511.49267578125,1430.8043212890625,25019.80078125
2025-05-19,1428.4638671875,3337.45556640625,940.8607177734375,1482.877197265625,1425.8841552734375,24945.44921875
2025-05-20,1412.4024658203125,3318.011962890625,929.3104858398438,1483.6375732421875,1415.25634765625,24683.900390625
2025-05-21,1416.9630126953125,3344.0947265625,935.0856323242188,1491.14794921875,1421.652587890625,24813.44921875
2025-05-22,1397.332763671875,3297.809326171875,931.7369995117188,1471.18359375,1419.0941162109375,24609.69921875
2025-05-23,1414.5838623046875,3333.47216796875,938.3856811523438,1487.6304931640625,1426.67138671875,24853.150390625
2025-05-26,1422.5152587890625,3355.002197265625,941.5886840820312,1502.55615234375,1437.2989501953125,25001.150390625
2025-05-27,1409.9239501953125,3318.391357421875,934.8429565429688,1492.6690673828125,1423.3255615234375,24826.19921875
2025-05-28,1400.8028564453125,3317.442626953125,933.4840698242188,1494.2852783203125,1430.6075439453125,24752.44921875
2025-05-29,1405.660888671875,3317.822509765625,935.42529296875,1507.4046630859375,1433.264404296875,24833.599609375
2025-05-30,1408.7342529296875,3284.91064453125,943.86962890625,1506.5369873046875,1422.7352294921875,24750.69921875
2025-06-02,1401.5958251953125,3272.01171875,937.65771484375,1497.9569091796875,1427.360107421875,24716.599609375
2025-06-03,1393.466064453125,3229.7099609375,934.0179443359375,1487.5450439453125,1414.961181640625,24542.5
2025-06-04,1411.3118896484375,3235.164306640625,942.073974609375,1495.4503173828125,1408.171142578125,24620.19921875
2025-06-05,1430.0501708984375,3225.786865234375,946.1505126953125,1498.43896484375,1431.5916748046875,24750.900390625
2025-06-06,1431.140625,3238.322265625,960.27294921875,1507.5975341796875,1436.413330078125,25003.05078125
2025-06-09,1436.3953857421875,3274.39697265625,960.3699951171875,1516.3704833984375,1411.91064453125,25103.19921875
2025-06-10,1426.1834716796875,3313.62939453125,953.7698974609375,1538.6402587890625,1400.200439453125,25104.25
2025-06-11,1436.4945068359375,3322.24169921875,946.538818359375,1572.478759765625,1408.171142578125,25141.400390625
2025-06-12,1429.2569580078125,3286.1669921875,943.1417236328125,1550.787353515625,1402.4637451171875,24888.19921875
2025-06-13,1415.67431640625,3297.171142578125,930.6207885742188,1544.424560546875,1393.5089111328125,24718.599609375
2025-06-16,1425.489501953125,3345.58984375,939.2592163085938,1565.441162109375,1404.1365966796875,24946.5
2025-06-17,1418.9459228515625,3363.770751953125,936.4444580078125,1580.9625244140625,1400.4957275390625,24853.400390625
2025-06-18,1417.85546875,3302.625244140625,938.5313110351562,1574.214111328125,1390.0648193359375,24812.05078125
2025-06-19,1421.028076171875,3276.406494140625,939.210693359375,1560.2352294921875,1388.78564453125,24793.25
2025-06-20,1453.6463623046875,3287.60205078125,953.4786987304688,1564.573486328125,1404.33349609375,25112.400390625
2025-06-23,1444.326904296875,3247.317138671875,945.5681762695312,1527.071533203125,1397.445068359375,24971.900390625
2025-06-24,1438.378173828125,3244.254638671875,951.634521484375,1524.7576904296875,1401.38134765625,25044.349609375
2025-06-25,1454.737060546875,3296.3095703125,961.0009155273438,1556.8609619140625,1403.0543212890625,25244.75
2025-06-26,1482.4971923828125,3293.43896484375,981.1896362304688,1557.92138671875,1416.14208984375,25549.0
2025-06-27,1502.425048828125,3292.76953125,988.5983276367188,1550.208984375,1438.87353515625,25637.80078125
2025-06-30,1487.7518310546875,3312.76806640625,982.023681640625,1544.2318115234375,1422.7352294921875,25517.05078125
2025-07-01,1515.3138427734375,3281.8603515625,987.2244873046875,1549.05224609375,1409.1552734375,25541.80078125
2025-07-02,1505.796142578125,3275.736572265625,974.418701171875,1552.619140625,1405.0223388671875,25453.400390625
2025-07-03,1504.8045654296875,3254.206787109375,974.9583740234375,1560.5244140625,1403.1527099609375,25405.30078125
2025-07-04,1514.223388671875,3272.3876953125,976.037841796875,1581.733642578125,1419.782958984375,25461.0
2025-07-07,1528.3016357421875,3264.636474609375,975.1055908203125,1568.5262451171875,1412.7962646484375,25461.30078125
2025-07-08,1524.43505859375,3259.373779296875,981.974609375,1579.8055419921875,1418.9957275390625,25522.5
2025-07-09,1505.9942626953125,3237.939453125,986.7828979492188,1574.9853515625,1409.056884765625,25476.099609375
2025-07-10,1504.209716796875,3236.217041015625,984.3296508789062,1557.728759765625,1401.38134765625,25355.25
2025-07-11,1482.3980712890625,3125.21728515625,973.2901611328125,1537.5797119140625,1399.2164306640625,25149.849609375
2025-07-14,1470.9964599609375,3083.78369140625,972.94677734375,1513.8638916015625,1400.298828125,25082.30078125
2025-07-15,1472.6820068359375,3112.10791015625,979.079833984375,1528.614013671875,1407.9744873046875,25195.80078125
2025-07-16,1472.8802490234375,3104.234619140625,979.4723510742188,1550.1126708984375,1403.6446533203125,25212.05078125
2025-07-17,1463.759033203125,3081.287109375,974.8602905273438,1526.589599609375,1396.0673828125,25111.44921875
2025-07-18,1463.3624267578125,3062.756103515625,960.3862915039062,1529.095947265625,1403.0543212890625,24968.400390625
2025-07-21,1416.3682861328125,3032.31982421875,981.5330200195312,1527.36083984375,1442.4161376953125,25090.69921875
2025-07-22,1400.70361328125,3033.6640625,984.771240234375,1514.4423828125,1450.0916748046875,25060.900390625
2025-07-23,1412.4024658203125,3052.38671875,993.2103881835938,1517.9129638671875,1464.8524169921875,25219.900390625
2025-07-24,1390.8883056640625,3022.526611328125,988.2548217773438,1496.70361328125,1459.7353515625,25062.099609375
2025-07-25,1379.7841796875,3010.812744140625,985.9922485351562,1461.2261962890625,1453.5357666015625,24837.0
2025-07-28,1375.7193603515625,2956.564453125,987.9105224609375,1461.515380859375,1464.655517578125,24680.900390625
2025-07-29,1404.966796875,2934.193359375,994.3539428710938,1459.2979736328125,1462.4906005859375,24821.099609375
2025-07-30,1398.0267333984375,2931.888916015625,996.4197998046875,1464.40771484375,1458.751220703125,24855.05078125
2025-07-31,1378.2969970703125,2915.758544921875,992.6815795898438,1454.76708984375,1457.7672119140625,24768.349609375
2025-08-01,1381.76708984375,2883.3056640625,989.7304077148438,1416.782958984375,1448.12353515625,24565.349609375
2025-08-04,1399.4146728515625,2951.85986328125,979.7947387695312,1427.291259765625,1439.8575439453125,24722.75
2025-08-05,1379.7841796875,2941.7783203125,972.7118530273438,1407.8172607421875,1421.3575439453125,24649.55078125
2025-08-06,1380.8748779296875,2911.437744140625,976.499267578125,1385.0654296875,1420.5703125,24574.19921875
2025-08-07,1377.50390625,2925.552001953125,981.4671020507812,1385.2581787109375,1417.322998046875,24596.150390625
2025-08-08,1356.0888671875,2915.374267578125,970.8920288085938,1371.9542236328125,1412.9931640625,24363.30078125
2025-08-11,1374.331298828125,2919.599365234375,981.5654296875,1376.870849609375,1413.681884765625,24585.05078125
2025-08-12,1368.5810546875,2914.414306640625,968.924560546875,1372.9183349609375,1410.112060546875,24487.400390625
2025-08-13,1370.7620849609375,2915.182373046875,974.0399169921875,1375.3284912109375,1408.922119140625,24619.349609375
2025-08-14,1367.4774169921875,2901.83642578125,979.35205078125,1395.6700439453125,1415.3677978515625,24631.30078125
2025-08-18,1375.3409423828125,2891.178955078125,985.5003662109375,1384.19775390625,1422.606689453125,24876.94921875
2025-08-19,1413.564208984375,2895.97998046875,979.35205078125,1388.2469482421875,1424.29248046875,24980.650390625
2025-08-20,1406.4969482421875,2975.095458984375,977.9256591796875,1442.427001953125,1418.64013671875,25050.55078125
2025-08-21,1418.24267578125,2978.936279296875,979.4012451171875,1442.619873046875,1433.911376953125,25083.75
2025-08-22,1402.71435546875,2932.273193359375,966.317626953125,1434.0396728515625,1424.3917236328125,24870.099609375
2025-08-25,1406.0987548828125,3015.42138671875,966.0717163085938,1477.0367431640625,1421.2183837890625,24967.75
2025-08-26,1378.5262451171875,3031.35986328125,957.5625,1474.6265869140625,1404.7572021484375,24712.05078125
2025-08-28,1379.521728515625,2970.390380859375,942.2162475585938,1446.1868896484375,1387.4034423828125,24500.900390625
2025-08-29,1350.9537353515625,2961.74951171875,936.1171264648438,1416.782958984375,1386.1143798828125,24426.849609375
2025-09-01,1347.6689453125,2988.537353515625,935.1333618164062,1445.5120849609375,1399.2039794921875,24625.05078125
2025-09-02,1360.2109375,2987.481201171875,929.1326904296875,1444.837158203125,1382.54443359375,24579.599609375
2025-09-03,1366.2828369140625,2974.039306640625,938.9207763671875,1425.9415283203125,1385.321044921875,24715.05078125
2025-09-04,1353.0440673828125,2972.31103515625,945.610107421875,1410.4202880859375,1393.75,24734.30078125
2025-09-05,1368.671875,2926.800048828125,947.7251586914062,1392.681396484375,1391.0726318359375,24741.0
2025-09-08,1372.15576171875,2898.66796875,950.2828369140625,1381.402099609375,1390.973388671875,24773.150390625
2025-09-09,1369.8662109375,2927.856201171875,949.4467163085938,1450.2359619140625,1391.9649658203125,24868.599609375
2025-09-10,1370.66259765625,2986.041015625,950.1845092773438,1477.518798828125,1392.163330078125,24973.099609375
2025-09-11,1376.9337158203125,2999.675048828125,952.0535278320312,1455.4417724609375,1389.882568359375,25005.5
2025-09-12,1388.579833984375,3008.50830078125,951.5617065429688,1470.7703857421875,1405.847900390625,25114.0
2025-09-15,1392.8599853515625,2987.864990234375,951.3157348632812,1454.1885986328125,1407.5338134765625,25069.19921875
2025-09-16,1398.8323974609375,3020.318115234375,951.1190185546875,1456.9844970703125,1409.71533203125,25239.099609375
2025-09-17,1407.2933349609375,3046.337890625,950.7747192382812,1467.685546875,1407.33544921875,25330.25
2025-09-18,1408.4876708984375,3050.08251953125,961.0055541992188,1485.2313232421875,1409.814453125,25423.599609375
2025-09-19,1400.9227294921875,3042.881103515625,951.168212890625,1484.845703125,1390.4775390625,25327.05078125
2025-09-22,1384.199951171875,2951.283935546875,948.5121459960938,1445.6083984375,1389.783447265625,25202.349609375
2025-09-23,1383.40380859375,2940.337890625,941.6260375976562,1443.6802978515625,1382.6436767578125,25169.5
2025-09-24,1376.635009765625,2914.414306640625,935.5761108398438,1440.884521484375,1371.1405029296875,25056.900390625
2025-09-25,1366.0838623046875,2839.523193359375,934.3955688476562,1431.436767578125,1364.29833984375,24890.849609375
2025-09-26,1371.2598876953125,2783.54736328125,929.6737060546875,1396.8270263671875,1348.233642578125,24654.69921875
2025-09-29,1366.48193359375,2780.66650390625,934.8382568359375,1389.982177734375,1336.829833984375,24634.900390625
2025-09-30,1357.722412109375,2773.2734375,935.5269165039062,1389.982177734375,1336.730712890625,24611.099609375
2025-10-01,1362.4007568359375,2798.045166015625,949.5450439453125,1393.83837890625,1360.530029296875,24836.30078125
2025-10-03,1357.125244140625,2786.2353515625,949.4467163085938,1394.609619140625,1353.786865234375,24894.25
2025-10-06,1368.671875,2869.28759765625,957.6116333007812,1422.9530029296875,1352.001953125,25077.650390625
2025-10-07,1378.4267578125,2855.17333984375,966.514404296875,1406.0819091796875,1364.3974609375,25108.30078125
2025-10-08,1361.1068115234375,2906.541015625,962.7762451171875,1441.2701416015625,1358.8443603515625,25046.150390625
2025-10-09,1371.458984375,2939.666259765625,961.2022094726562,1455.0562744140625,1364.69482421875,25181.80078125
2025-10-10,1375.3409423828125,2907.597412109375,964.9404296875,1460.4549560546875,1368.7607421875,25285.349609375
2025-10-13,1368.671875,2887.338623046875,961.1038818359375,1439.5347900390625,1367.8681640625,25227.349609375
2025-10-14,1369.5677490234375,2842.307861328125,961.25146484375,1436.353515625,1372.52880859375,25145.5
2025-10-15,1367.97509765625,2862.06396484375,962.3335571289062,1421.41064453125,1386.7093505859375,25323.55078125
2025-10-16,1391.8646240234375,2862.931396484375,978.1715698242188,1418.61474609375,1405.451416015625,25585.30078125
2025-10-17,1410.279541015625,2854.739501953125,986.2381591796875,1389.307373046875,1424.5899658203125,25709.849609375
2025-10-20,1460.04931640625,2905.81689453125,986.6316528320312,1408.395751953125,1378.6771240234375,25843.150390625
2025-10-21,1458.4566650390625,2897.62548828125,991.3043823242188,1419.482421875,1370.4464111328125,25868.599609375
2025-10-23,1441.7340087890625,2961.712890625,992.386474609375,1473.566162109375,1352.2994384765625,25891.400390625
2025-10-24,1444.9193115234375,2952.07568359375,978.5650634765625,1470.57763671875,1366.182373046875,25795.150390625
2025-10-27,1477.2696533203125,2972.98828125,986.6316528320312,1472.633056640625,1366.083251953125,25966.05078125
2025-10-28,1480.056884765625,2946.968017578125,987.2218627929688,1468.4241943359375,1351.7044677734375,25936.19921875
2025-10-29,1497.277099609375,2946.678955078125,991.451904296875,1478.408203125,1358.9434814453125,26053.900390625
2025-10-30,1481.6494140625,2925.187744140625,981.9097900390625,1462.1597900390625,1351.0103759765625,25877.849609375
2025-10-31,1479.5592041015625,2947.064208984375,971.2362670898438,1450.9034423828125,1334.0533447265625,25722.099609375
2025-11-03,1477.866943359375,2907.35888671875,976.499267578125,1454.0355224609375,1335.14404296875,25763.349609375
2025-11-04,1466.3203125,2881.72412109375,969.2196655273438,1436.808349609375,1325.7235107421875,25597.650390625
2025-11-06,1489.2144775390625,2901.673095703125,968.6294555664062,1435.6336669921875,1309.3614501953125,25509.69921875
2025-11-07,1471.19775390625,2883.26611328125,966.317626953125,1445.5198974609375,1331.7724609375,25492.30078125
2025-11-10,1482.44580078125,2915.4541015625,968.4818725585938,1481.4425048828125,1336.730712890625,25574.349609375
2025-11-11,1486.5269775390625,2936.46337890625,975.564697265625,1497.88671875,1346.944580078125,25694.94921875
2025-11-12,1504.5435791015625,3018.18701171875,973.4005126953125,1518.8333740234375,1347.53955078125,25875.80078125
2025-11-13,1503.9464111328125,2993.033935546875,970.596923828125,1509.14306640625,1374.3138427734375,25879.150390625
2025-11-14,1511.9095458984375,2993.322998046875,973.4988403320312,1470.9691162109375,1361.521728515625,25910.05078125
2025-11-17,1511.3123779296875,2989.660888671875,980.3357543945312,1475.66748046875,1367.4715576171875,26013.44921875
2025-11-18,1512.4072265625,2975.10888671875,976.302490234375,1454.91650390625,1361.9183349609375,25910.05078125
2025-11-19,1511.9095458984375,3033.51025390625,978.41748046875,1508.4578857421875,1371.5372314453125,26052.650390625
2025-11-20,1541.9705810546875,3030.7158203125,992.4356689453125,1503.955322265625,1371.4381103515625,26192.150390625
2025-11-21,1539.4820556640625,3036.304931640625,981.8114013671875,1512.2752685546875,1358.0509033203125,26068.150390625
2025-11-24,1528.831298828125,3027.24609375,982.8934936523438,1515.2117919921875,1356.960205078125,25959.5
2025-11-25,1532.61376953125,3006.044189453125,973.6956176757812,1498.1802978515625,1346.4488525390625,25884.80078125
2025-11-26,1562.6748046875,3048.15869140625,987.5662231445312,1524.902099609375,1363.5050048828125,26205.30078125
2025-11-27,1556.2047119140625,3022.81298828125,993.0750732421875,1533.2220458984375,1380.5611572265625,26215.55078125
2025-11-28,1560.285888671875,3023.68017578125,991.2059936523438,1527.055419921875,1377.189697265625,26202.94921875
2025-12-01,1558.892333984375,3019.728759765625,985.7954711914062,1530.872802734375,1378.478759765625,26175.75
2025-12-02,1539.1834716796875,3021.945556640625,973.6956176757812,1527.9364013671875,1361.521728515625,26032.19921875
2025-12-03,1531.718017578125,3064.638427734375,984.2214965820312,1545.261474609375,1379.8670654296875,25986.0
2025-12-04,1528.53271484375,3112.053466796875,980.9752197265625,1563.7611083984375,1375.1070556640625,26033.75
2025-12-05,1533.5096435546875,3120.72705078125,986.9759521484375,1581.9671630859375,1380.858642578125,26186.44921875
2025-12-08,1535.898681640625,3119.0888671875,986.7791748046875,1576.681640625,1377.98291015625,25960.55078125
2025-12-09,1522.3612060546875,3091.911865234375,980.8768310546875,1565.1314697265625,1363.7032470703125,25839.650390625
2025-12-10,1529.8267822265625,3073.5048828125,973.6956176757812,1551.2322998046875,1352.2001953125,25758.0
2025-12-11,1537.889404296875,3076.106689453125,984.0247802734375,1564.1527099609375,1348.63037109375,25898.55078125
2025-12-12,1549.3365478515625,3103.669189453125,985.2052612304688,1564.348388671875,1354.5802001953125,26046.94921875
2025-12-15,1549.037841796875,3113.017333984375,979.89306640625,1572.766357421875,1353.786865234375,26027.30078125
2025-12-16,1535.201904296875,3088.828125,978.1223754882812,1559.1607666015625,1354.5802001953125,25860.099609375
2025-12-17,1537.292236328125,3101.0673828125,967.989990234375,1568.0679931640625,1341.0938720703125,25818.55078125
2025-12-18,1537.292236328125,3161.781982421875,963.7599487304688,1592.3427734375,1345.4571533203125,25815.55078125
2025-12-19,1557.8968505859375,3162.938232421875,969.465576171875,1603.9906005859375,1342.7796630859375,25966.400390625
2025-12-22,1568.1495361328125,3204.281982421875,971.6298217773438,1653.8125,1357.059326171875,26172.400390625
2025-12-23,1563.4710693359375,3189.92236328125,980.3849487304688,1632.9637451171875,1351.605224609375,26177.150390625
2025-12-24,1551.0286865234375,3198.595947265625,980.9752197265625,1628.16748046875,1348.43212890625,26142.099609375
2025-12-26,1552.0240478515625,3161.010986328125,975.9581909179688,1621.0220947265625,1339.110595703125,26042.30078125
2025-12-29,1538.4866943359375,3133.54443359375,975.564697265625,1609.863525390625,1332.070068359375,25942.099609375
2025-12-30,1532.71337890625,3129.01513671875,974.7777709960938,1587.2528076171875,1331.276611328125,25938.849609375
2025-12-31,1563.172607421875,3089.887939453125,975.0728759765625,1581.1842041015625,1331.67333984375,26129.599609375
2026-01-01,1568.3485107421875,3110.31884765625,975.023681640625,1595.2791748046875,1326.8143310546875,26146.55078125
2026-01-02,1584.9718017578125,3132.773681640625,985.3035888671875,1605.6546630859375,1344.06884765625,26328.55078125
2026-01-05,1570.8370361328125,3099.428955078125,961.5957641601562,1572.374755859375,1360.0341796875,26250.30078125
2026-01-06,1500.6614990234375,3137.688720703125,946.544677734375,1578.0518798828125,1399.4022216796875,26178.69921875
2026-01-07,1497.277099609375,3176.044921875,933.608642578125,1604.2843017578125,1415.7642822265625,26140.75
2026-01-08,1463.831787109375,3087.67138671875,931.296875,1579.128662109375,1423.00341796875,25876.849609375
2026-01-09,1468.51025390625,3091.429931640625,923.72216796875,1579.91162109375,1392.56005859375,25683.30078125
2026-01-12,1476.373779296875,3122.07666015625,921.7055053710938,1562.09716796875,1401.286376953125,25790.25
2026-01-13,1446.11376953125,3149.446044921875,922.0989990234375,1565.1314697265625,1424.9866943359375,25732.30078125
2026-01-14,1452.086181640625,3076.68505859375,910.3926391601562,1565.91455078125,1406.5421142578125,25665.599609375
2026-01-15,1452.086181640625,3076.68505859375,910.3926391601562,1565.91455078125,1406.5421142578125,
2026-01-16,1451.1903076171875,3146.54931640625,915.95068359375,1654.00830078125,1399.0057373046875,25694.349609375
2026-01-19,1407.0941162109375,3104.258056640625,912.8027954101562,1645.59033203125,1369.05810546875,25585.5
2026-01-20,1387.5843505859375,3044.10791015625,916.049072265625,1623.7628173828125,1364.29833984375,25232.5
2026-01-21,1398.1356201171875,3064.027099609375,905.3755493164062,1619.358154296875,1337.7222900390625,25157.5
2026-01-22,1396.0452880859375,3091.305419921875,903.75244140625,1628.265380859375,1334.2515869140625,25289.900390625
2026-01-23,1379.720703125,3103.178466796875,901.1947021484375,1635.4107666015625,1332.169189453125,25048.650390625
2026-01-27,1374.146484375,3098.762939453125,911.3272094726562,1647.05859375,1350.0186767578125,25175.400390625
2026-01-28,1390.2718505859375,3140.073486328125,917.524658203125,1631.2017822265625,1356.2659912109375,25342.75
2026-01-29,1384.59814453125,3085.41796875,920.2791137695312,1624.35009765625,1372.0330810546875,25418.900390625
2026-01-30,1388.9779052734375,3065.302490234375,914.1307983398438,1606.241943359375,1343.672119140625,25320.650390625
2026-02-02,1384.0009765625,3110.1455078125,912.9994506835938,1594.8875732421875,1341.4906005859375,25088.400390625
2026-02-03,1430.4859619140625,3164.800537109375,933.2643432617188,1620.9241943359375,1378.08203125,25727.55078125
2026-02-04,1450.095458984375,2942.84375,937.5927124023438,1503.2701416015625,1396.625732421875,25776.0
2026-02-05,1436.757080078125,2935.38623046875,934.248046875,1488.00048828125,1384.8251953125,25642.80078125
2026-02-06,1444.123046875,2886.422119140625,925.7879638671875,1475.177978515625,1394.344970703125,25693.69921875
2026-02-09,1454.873291015625,2892.8984375,922.0006103515625,1465.4876708984375,1384.626953125,25867.30078125
2026-02-10,1451.7874755859375,2928.61572265625,917.2295532226562,1466.0750732421875,1394.7415771484375,25935.150390625
2026-02-11,1461.9405517578125,2855.21875,912.0157470703125,1440.7236328125,1394.344970703125,25953.849609375
2026-02-12,1442.231689453125,2698.51416015625,905.6215209960938,1356.64306640625,1418.045166015625,25807.19921875
2026-02-13,1413.0665283203125,2641.7001953125,889.1932373046875,1340.1009521484375,1402.77392578125,25471.099609375
2026-02-16,1430.4859619140625,2655.830322265625,910.7368774414062,1336.6751708984375,1399.7989501953125,25682.75
2026-02-17,1416.450927734375,2666.427490234375,910.6385498046875,1361.73291015625,1395.7332763671875,25725.400390625
2026-02-18,1434.666748046875,2644.349609375,909.6548461914062,1344.603515625,1396.4273681640625,25819.349609375
2026-02-19,1403.0130615234375,2627.66845703125,900.702880859375,1341.471435546875,1377.189697265625,25454.349609375
2026-02-20,1412.8675537109375,2635.812744140625,897.0138549804688,1324.5377197265625,1382.8419189453125,25571.25
2026-02-23,1421.4278564453125,2626.0986328125,908.5726928710938,1299.3822021484375,1387.7010498046875,25713.0
2026-02-24,1422.2242431640625,2525.423095703125,895.6858520507812,1248.4835205078125,1373.2230224609375,25424.650390625
2026-02-25,1392.063720703125,2579.980224609375,892.8330078125,1262.7742919921875,1388.791748046875,25482.5
2026-02-26,1400.3255615234375,2598.034912109375,883.9794311523438,1261.7955322265625,1393.155029296875,25496.55078125
2026-02-27,1387.48486328125,2587.92822265625,873.3060302734375,1272.5625,1367.3724365234375,25178.650390625
2026-03-02,1351.75,2564.4765625,865.0918579101562,1261.5997314453125,1362.5133056640625,24865.69921875
2026-03-04,1338.8099365234375,2539.2587890625,854.5167846679688,1279.7078857421875,1353.9852294921875,24480.5
2026-03-05,1383.005615234375,2530.427490234375,863.4686889648438,1278.141845703125,1346.2503662109375,24765.900390625
2026-03-06,1398.334716796875,2509.625244140625,843.10546875,1280.686767578125,1302.419921875,24450.44921875
2026-03-09,1417.4462890625,2479.991455078125,827.0215454101562,1287.14697265625,1267.7125244140625,24028.05078125
2026-03-10,1402.3162841796875,2465.9599609375,835.629150390625,1268.1578369140625,1300.9324951171875,24261.599609375
2026-03-11,1383.8017578125,2418.663818359375,820.38134765625,1249.2667236328125,1283.777099609375,23866.849609375
2026-03-12,1385.7926025390625,2396.5859375,819.2008666992188,1238.9891357421875,1255.9119873046875,23639.150390625
2026-03-13,1374.3455810546875,2365.284423828125,803.7071533203125,1221.8597412109375,1244.3099365234375,23151.099609375
2026-03-16,1388.6793212890625,2364.0087890625,826.9231567382812,1223.3280029296875,1262.258544921875,23408.80078125
2026-03-17,1391.167724609375,2346.8369140625,831.5958251953125,1206.785888671875,1277.9263916015625,23581.150390625
2026-03-18,1401.6195068359375,2395.01611328125,829.333251953125,1240.261474609375,1278.521484375,23777.80078125
2026-03-19,1378.4267578125,2311.806640625,785.2130126953125,1194.9422607421875,1239.6490478515625,23002.150390625
2026-03-20,1407.8905029296875,2345.7578125,767.7518310546875,1229.2987060546875,1234.9884033203125,23114.5
2026-03-23,1401.3209228515625,2339.085205078125,732.04248046875,1230.1796875,1212.4781494140625,22512.650390625
2026-03-24,1405.302490234375,2353.803955078125,752.454833984375,1251.224365234375,1240.7398681640625,22912.400390625
2026-03-25,1406.596435546875,2332.80517578125,769.5717163085938,1252.00732421875,1249.1688232421875,23306.44921875
2026-03-27,1341.8956298828125,2344.97265625,743.8963623046875,1242.806396484375,1223.4854736328125,22819.599609375
2026-03-30,1337.7149658203125,2314.652099609375,719.6473999023438,1224.1109619140625,1195.8187255859375,22331.400390625
2026-04-01,1362.8984375,2363.027587890625,730.17333984375,1248.6793212890625,1202.561767578125,22679.400390625
2026-04-02,1344.2845458984375,2404.730224609375,738.6826171875,1273.247802734375,1205.635986328125,22713.099609375
2026-04-06,1298.6953125,2427.4951171875,758.45556640625,1278.5333251953125,1221.10546875,22968.25
2026-04-07,1298.5958251953125,2492.1591796875,759.4392700195312,1311.0301513671875,1235.0875244140625,23123.650390625
2026-04-08,1341.5970458984375,2511.195068359375,802.82177734375,1317.68603515625,1298.2550048828125,23997.349609375
2026-04-09,1323.87890625,2540.43603515625,784.72119140625,1303.395263671875,1270.58837890625,23775.099609375
2026-04-10,1343.9859619140625,2476.94970703125,797.1161499023438,1265.12353515625,1310.848876953125,24050.599609375
2026-04-13,1309.0474853515625,2426.2197265625,781.7699584960938,1249.756103515625,1339.8046875,23842.650390625
2026-04-15,1337.9140625,2506.9755859375,796.72265625,1277.6524658203125,1336.829833984375,24231.30078125
2026-04-16,1337.1177978515625,2528.56298828125,782.5077514648438,1291.2579345703125,1334.2515869140625,24196.75
2026-04-17,1358.7178955078125,2533.076904296875,786.8853759765625,1290.7685546875,1335.540771484375,24353.55078125
2026-04-20,1357.0257568359375,2531.212646484375,782.5077514648438,1284.7977294921875,1344.862060546875,24364.849609375
2026-04-21,1347.07177734375,2561.532958984375,798.5425415039062,1285.385009765625,1376.79296875,24576.599609375
2026-04-22,1355.8311767578125,2490.88330078125,786.8853759765625,1241.729736328125,1356.166748046875,24378.099609375
2026-04-23,1337.21728515625,2474.49658203125,771.5883178710938,1214.32275390625,1336.730712890625,24173.05078125
2026-04-24,1321.6890869140625,2351.939453125,772.0802001953125,1130.144287109375,1315.1129150390625,23897.94921875
2026-04-27,1359.51416015625,2401.6884765625,776.9496459960938,1145.5118408203125,1303.114013671875,24092.69921875
2026-04-28,1382.5078125,2398.8427734375,769.817626953125,1127.697265625,1281.1988525390625,23995.69921875
2026-04-29,1418.83984375,2428.280029296875,766.3253784179688,1142.7711181640625,1270.290771484375,24177.650390625
2026-04-30,1424.215087890625,2427.4951171875,759.1441650390625,1156.768310546875,1252.8380126953125,23997.55078125
2026-05-01,1424.215087890625,2427.4951171875,759.1441650390625,1156.768310546875,1252.8380126953125,
2026-05-04,1456.3663330078125,2385.6943359375,766.7189331054688,1143.652099609375,1260.1761474609375,24119.30078125
2026-05-05,1456.864013671875,2381.769287109375,759.734375,1153.1466064453125,1240.839111328125,24032.80078125
2026-05-06,1431.2823486328125,2389.717041015625,783.58984375,1142.4774169921875,1268.8033447265625,24330.94921875
2026-05-07,1429.590087890625,2356.35498046875,783.0979614257812,1138.07275390625,1268.3074951171875,24326.650390625
2026-05-08,1428.5947265625,2349.486328125,768.145263671875,1154.2232666015625,1254.226318359375,24176.150390625
2026-05-11,1381.81103515625,2348.014404296875,751.2251586914062,1152.0699462890625,1255.8128662109375,23815.849609375
2026-05-12,1357.722412109375,2257.151611328125,738.2399291992188,1116.1473388671875,1229.93115234375,23379.55078125
2026-05-13,1352.54638671875,2230.16748046875,737.4037475585938,1099.3115234375,1225.2703857421875,23412.599609375
2026-05-14,1355.5325927734375,2203.8701171875,757.0291748046875,1071.8067626953125,1235.5833740234375,23689.599609375
2026-05-15,1330.24951171875,2221.5322265625,755.0125122070312,1095.2984619140625,1234.095947265625,23643.5
2026-05-18,1329.7518310546875,2240.3720703125,756.143798828125,1118.3006591796875,1240.6407470703125,23649.94921875
2026-05-19,1316.6124267578125,2283.448974609375,750.044677734375,1171.5484619140625,1230.4268798828125,23618.0
2026-05-20,1353.442138671875,2283.742919921875,747.1427001953125,1168.4161376953125,1226.9561767578125,23659.0
2026-05-21,1343.388671875,2283.546875,746.7984008789062,1156.180908203125,1232.41015625,23654.69921875
2026-05-22,1348.26611328125,2273.832763671875,754.3239135742188,1149.622802734375,1253.73046875,23719.30078125
2026-05-25,1360.7086181640625,2295.61328125,774.0476684570312,1143.75,1281.0006103515625,24031.69921875
2026-05-26,1350.0579833984375,2263.78759765625,766.22705078125,1142.966796875,1268.4066162109375,23913.69921875
2026-05-27,1344.2845458984375,2271.744140625,746.3065185546875,1135.3321533203125,1262.0601806640625,23907.150390625
2026-05-28,1344.2845458984375,2271.744140625,746.3065185546875,1135.3321533203125,1262.0601806640625,
2026-05-29,1315.119384765625,2246.58203125,732.4359130859375,1136.3109130859375,1245.896484375,23547.75
2026-06-01,1313.9249267578125,2284.8720703125,730.6160278320312,1177.02978515625,1229.3360595703125,23382.599609375
2026-06-02,1308.5498046875,2433.556884765625,736.0757446289062,1243.8831787109375,1216.3455810546875,23483.55078125
2026-06-03,1307.15625,2229.475830078125,741.3878784179688,1196.7039794921875,1231.6168212890625,23405.599609375
2026-06-04,1297.699951171875,2228.77978515625,741.9288940429688,1175.855224609375,1241.2357177734375,23416.55078125
2026-06-05,1291.0,2186.9091796875,734.8952026367188,1172.1357421875,1251.548828125,23366.69921875
2026-06-08,1263.300048828125,2139.668212890625,726.6319580078125,1162.4453125,1239.748291015625,23123.0
2026-06-09,1269.199951171875,2139.2705078125,726.3367919921875,1155.300048828125,1264.3409423828125,23242.099609375
2026-06-10,1258.800048828125,2142.154541015625,734.698486328125,1145.300048828125,1282.488037109375,23214.94921875
2026-06-11,1263.0,2123.95458984375,732.485107421875,1114.5999755859375,1305.9898681640625,23161.599609375
2026-06-12,1293.0,2149.61376953125,759.8819580078125,1116.4000244140625,1329.5909423828125,23622.900390625
2026-06-15,1307.0,2150.21044921875,764.7022094726562,1134.9000244140625,1316.501220703125,23853.900390625
2026-06-16,1328.800048828125,2187.0087890625,772.1294555664062,1143.5999755859375,1323.145263671875,23989.150390625
2026-06-17,1332.699951171875,2210.8779296875,774.2935791015625,1157.699951171875,1325.6243896484375,24085.69921875
2026-06-18,1328.0999755859375,2191.285400390625,786.0,1127.5,1331.078369140625,24168.0
2026-06-19,1309.5,2113.412353515625,779.7999877929688,1051.4000244140625,1335.2431640625,24013.099609375
2026-06-22,1326.5,2116.197021484375,786.4000244140625,1065.4000244140625,1341.0938720703125,24102.900390625
2026-06-23,1309.5,2048.368896484375,774.6500244140625,1029.300048828125,1327.11181640625,23824.099609375
2026-06-24,1313.5999755859375,2097.49951171875,793.2000122070312,1056.5999755859375,1362.11669921875,24021.650390625
2026-06-25,1318.0999755859375,2083.27734375,796.2999877929688,1041.199951171875,1375.9005126953125,24056.0
2026-06-26,1318.0999755859375,2083.27734375,796.2999877929688,1041.199951171875,1375.9005126953125,
2026-06-29,1301.0,2086.4599609375,798.9000244140625,1036.699951171875,1375.9996337890625,23946.25
2026-06-30,1293.9000244140625,2020.422119140625,797.9500122070312,1000.4000244140625,1363.7032470703125,23865.75
2026-07-01,1308.0,1971.788818359375,796.1500244140625,985.2999877929688,1368.264892578125,24005.849609375
2026-07-02,1303.5,2056.82275390625,795.9000244140625,1040.9000244140625,1388.2960205078125,24175.69921875
2026-07-03,1304.0,2082.083984375,801.0499877929688,1047.199951171875,1399.6007080078125,24270.849609375
2026-07-06,1321.300048828125,2046.3798828125,829.8499755859375,1042.199951171875,1414.9710693359375,24430.349609375
2026-07-07,1308.4000244140625,2084.669921875,829.2999877929688,1071.800048828125,1402.873046875,24398.69921875
2026-07-08,1275.9000244140625,2046.2803955078125,810.2999877929688,1069.300048828125,1369.05810546875,23882.05078125
2026-07-09,1279.800048828125,2038.323974609375,817.5499877929688,1050.800048828125,1369.1572265625,23962.80078125
2026-07-10,1307.800048828125,2057.717529296875,824.9500122070312,1068.0,1389.48583984375,24206.900390625
2026-07-13,1296.9000244140625,2169.604248046875,817.9500122070312,1102.5999755859375,1397.716552734375,24211.0
2026-07-14,1293.0,2188.60009765625,809.4000244140625,1092.9000244140625,1395.9315185546875,24052.05078125
2026-07-15,1295.5,2189.199951171875,815.4500122070312,1076.300048828125,1404.3604736328125,24078.5
2026-07-16,1296.5999755859375,2201.0,808.2999877929688,1082.4000244140625,1406.34375,24072.75
2026-07-17,1327.199951171875,2269.0,819.5999755859375,1096.5,1432.2257080078125,24334.30078125
2026-07-20,1323.0999755859375,2251.10009765625,777.5999755859375,1087.0999755859375,1447.99267578125,24238.5
2026-07-21,1303.699951171875,2221.10009765625,761.4500122070312,1073.5,1450.868408203125,24187.69921875
2026-07-22,1288.5999755859375,2208.300048828125,753.1500244140625,1052.0999755859375,1428.6556396484375,23996.25
2026-07-23,1272.199951171875,2242.89990234375,747.25,1047.4000244140625,1422.606689453125,23869.599609375
2026-07-24,1278.0,2254.300048828125,742.7999877929688,1040.9000244140625,1420.9208984375,23767.44921875
2026-07-27,1280.0,2295.60009765625,739.5499877929688,1079.199951171875,1433.6138916015625,23995.94921875
2026-07-28,1267.699951171875,2398.0,735.4000244140625,1105.699951171875,1418.8385009765625,23985.349609375
2026-07-29,1275.9000244140625,2446.60009765625,748.2000122070312,1155.5999755859375,1425.879150390625,24250.19921875
2026-07-30,1292.9000244140625,2431.800048828125,753.9500122070312,1155.0999755859375,1421.91259765625,24317.150390625
2026-07-31,1307.800048828125,2365.60009765625,748.1500244140625,1130.0999755859375,1423.4000244140625,24383.599609375
2026-08-03,1319.0,2473.699951171875,753.0,1180.0,1460.0,24774.30078125
2026-08-04,1290.9000244140625,2460.0,742.0,1167.5,1454.5999755859375,24614.900390625
2026-08-05,1280.0,2413.0,735.0,1174.0,1450.0999755859375,24624.650390625
2026-08-06,1325.0,2373.0,734.2999877929688,1165.0,1457.5,24636.0
2026-08-07,1334.800048828125,2452.699951171875,731.0,1175.0999755859375,1421.0,24570.650390625
2026-08-10,1327.300048828125,2425.699951171875,731.0,1183.0,1431.800048828125,24583.80078125
2026-08-11,1323.9000244140625,2445.699951171875,729.0,1190.699951171875,1429.5999755859375,24471.69921875
2026-08-12,1329.0,2349.699951171875,729.0,1176.0999755859375,1431.699951171875,24435.94921875
2026-08-13,1317.0,2375.0,725.0,1175.0,1406.800048828125,24395.849609375
2026-08-14,1310.0,2361.0,727.0,1169.199951171875,1417.0,24366.0
2026-08-17,1316.0,2313.199951171875,729.0,1139.9000244140625,1415.300048828125,24287.650390625
2026-08-18,1322.0,2280.0,723.0,1115.0,1412.0,24154.900390625
2026-08-19,1311.0,2289.0,720.0,1119.800048828125,1402.0,24078.30078125
2026-08-20,1313.199951171875,2298.0,725.0499877929688,1130.0,1411.9000244140625,24231.849609375
2026-08-21,1316.0,2302.0,726.9500122070312,1121.0,1420.0,24252.0
2026-08-24,1309.800048828125,2284.10009765625,729.0,1130.0,1415.0,24219.05078125
2026-08-25,1317.0,2296.199951171875,727.5,1144.0,1422.699951171875,24334.55078125
2026-08-26,1298.0,2270.0,727.2000122070312,1120.0,1430.0,24207.75
2026-08-27,1282.199951171875,2248.39990234375,711.0,1110.800048828125,1443.0,24090.849609375
2026-08-28,1287.0,2342.0,720.2999877929688,1144.0,1422.800048828125,24175.650390625
2026-08-31,1277.0,2399.300048828125,709.0,1133.800048828125,1454.0,24080.400390625
2026-09-01,1309.0,2369.0,711.9000244140625,1156.0,1438.0,24055.80078125
2026-09-02,1313.0999755859375,2348.0,700.7999877929688,1140.0,1426.5,23914.44921875
2026-09-03,1302.5,2320.10009765625,706.6500244140625,1130.300048828125,1430.0,23873.44921875
2026-09-04,1322.0,2304.0,712.0999755859375,1130.0,1423.199951171875,23897.69921875
2026-09-07,1309.5,2270.0,710.5,1087.5,1427.5,23779.150390625
2026-09-08,1294.9000244140625,2255.5,703.0,1082.0,1399.4000244140625,23635.099609375
2026-09-09,1279.0,2208.0,687.0999755859375,1035.0,1389.0999755859375,23431.5
2026-09-10,1274.0,2204.10009765625,693.7999877929688,1036.5,1384.5,23477.80078125
2026-09-11,1257.5,2200.800048828125,708.25,1037.699951171875,1379.300048828125,23398.099609375
2026-09-14,1257.5,2200.800048828125,708.25,1037.699951171875,1379.300048828125,
2026-09-15,1235.300048828125,2251.0,716.5499877929688,1077.0,1350.4000244140625,23118.599609375
2026-09-16,1240.0,2188.800048828125,721.5,1060.0,1358.800048828125,23217.599609375
2026-09-17,1243.9000244140625,2190.0,713.0,1058.5999755859375,1347.5999755859375,23270.599609375
2026-09-18,1226.4000244140625,2105.0,731.0,1051.4000244140625,1338.9000244140625,23346.400390625
2026-09-21,1247.4000244140625,2128.699951171875,739.5,1038.5,1345.0,23414.30078125
2026-09-22,1240.4000244140625,2105.0,738.5999755859375,1029.4000244140625,1339.5999755859375,23329.0
2026-09-23,1248.0,2089.60009765625,737.25,1020.5,1340.0,23446.80078125
2026-09-24,1219.199951171875,2087.0,728.9000244140625,1014.5,1334.5,23063.099609375
2026-09-25,1226.0,2082.0,735.5999755859375,1000.2000122070312,1326.800048828125,23140.5
2026-09-28,1197.5999755859375,2070.699951171875,719.0499877929688,1003.2000122070312,1302.0,22780.25
2026-09-29,1182.0,2032.4000244140625,722.7000122070312,1015.4000244140625,1292.199951171875,22716.19921875
2026-09-30,1187.0,2050.60009765625,708.7000122070312,994.0999755859375,1321.699951171875,22620.44921875
2026-10-01,1167.699951171875,2075.0,721.2000122070312,1035.0,1310.5999755859375,22421.94921875
2026-10-02,1167.699951171875,2075.0,721.2000122070312,1035.0,1310.5999755859375,
2026-10-05,1186.4000244140625,2114.39990234375,704.7999877929688,1020.5,1332.0,22555.75
