Date,Reliance Industries,TCS,HDFC Bank,Infosys,ICICI Bank,Equal-Weight Portfolio
2024-10-08,0.01942398145450097,-0.004587256959452279,0.02055247431650087,0.007367028756387395,0.00218812903054566,0.008988871319696522
2024-10-09,-0.016280702929224233,-7.049539231362978e-05,-0.01084149934540124,0.0021553572724613,0.006105559857388476,-0.0037863561074178657
2024-10-10,-0.0025826049780599547,-0.0060077306952892595,0.01791004363846227,-0.017283316617690225,-0.0005225593383029192,-0.0016972335981760179
2024-10-11,0.0007658406340240731,-0.01849831942807778,-0.006857472707004431,0.00838983639832569,-0.016485735280532987,-0.006537170076653087
2024-10-14,0.0003097629900348231,-0.0030246051505496974,0.022471162046794557,0.012299120395589336,0.00715459045733402,0.007842006147840608
2024-10-15,-0.020764648005787145,-0.004798706521806806,-0.002369531953926307,0.0002041875552856176,0.019281592809804904,-0.0016894212232859466
2024-10-16,0.0074775675264426855,-0.005307412734752215,0.00932253089220203,-0.020007157036096124,-0.009836795432536682,-0.0036702533569480614
2024-10-17,0.0017354682945600608,0.0034310345436117107,-0.015678355359382556,0.02499871833007128,-0.009572494758976813,0.0009828742099767364
2024-10-18,0.0021195106263276475,0.00586728978907769,0.005199791244647756,-0.04496722998738234,0.02700511239192105,-0.0009551051870816405
2024-10-21,0.007283213726322124,-0.010477633737732694,0.02785619781426263,-0.01428496908322674,-0.004309890685562312,0.0012133836068126019
2024-10-22,-0.018879719896252367,-0.015772703645138275,-0.008185269410595719,-0.0006207426889078826,0.0067113009511610144,-0.007349426937946647
2024-10-23,-0.003591769396453004,0.012638536434801617,0.012393938644854385,0.01177366271740099,-0.01254439104480709,0.00413399547115938
2024-10-24,0.000952690898761821,-0.004512754947284869,0.007978984124992206,-0.005364627095370111,0.0009188725074555926,-5.36690228907248e-06
2024-10-25,-0.008919403815719762,0.0023839515479915363,-0.003572126587339297,-0.0006975688724683016,0.002155204425075885,-0.0017299886604919877
2024-10-28,0.004895123245520772,0.00820692008173185,-0.005277089775018173,0.0017721648761943598,0.029790204607939685,0.007877464607273699
2024-10-29,0.004234317022260736,-0.0038133519029368568,0.01017765276378313,-0.00273806279046529,0.030165891244819054,0.007605289267492155
2024-10-30,0.0029105164135998507,0.0023065212857751316,-0.009846745445990623,-0.02022517263458712,-0.014791467578699091,-0.00792926959198037
2024-10-31,-0.008817616322833066,-0.028448035362329316,0.0006341258456310506,-0.024887563101359533,-0.015165936636977628,-0.015337005115573699
2024-11-01,0.004954743276563756,0.003969017290211152,0.0009218923232954257,0.00204859606575436,-0.0003481731039493008,0.0023092151703750785
2024-11-04,-0.027266285564600312,-0.005032505311511448,-0.013354149407211025,0.001590257079407742,-0.01130213792437873,-0.011072964225658755
2024-11-05,0.0024190894752966763,0.001816347537836327,0.025523628875443682,-0.005358232072452118,0.01526771458450149,0.007933709680125212
2024-11-06,0.015360425692149793,0.042378356142447116,-0.0014789926451739266,0.0396191049778003,0.004357270338073649,0.02004723290105939
2024-11-07,-0.014863938756113138,0.002717776243768233,-0.004956575864178192,-0.011323044695825124,-0.018159475917429724,-0.00931705179795559
2024-11-08,-0.016773373309542983,-0.0009395936279662509,0.004523147267709859,0.014919071217029956,-0.015523669429213238,-0.0027588835763965314
2024-11-11,-0.008607638448302146,0.012466855255183873,0.006754314161092179,0.016475908731174105,0.008301354072035805,0.0070781587542367635
2024-11-12,0.0012179914460044294,-0.00030961147911245934,-0.027232173690765027,0.004677193181553019,0.0010242151633685914,-0.0041244770757902895
2024-11-13,-0.017421984911027644,-0.011209358246238144,-0.02144678590998239,-0.00021402724240426885,-0.013300880968455164,-0.012718607455621523
2024-11-14,0.012419639147505102,-0.0010722312199421546,0.006780258410395756,-0.0020605305149635766,0.0025923002971959264,0.003731887224038211
2024-11-18,-0.0054039379248916886,-0.0304878210709415,0.007295762919392823,-0.028478787179284426,-0.0027845581030147004,-0.0119718682717479
2024-11-19,-0.015149758756049403,0.0049881786329475375,0.021787620615456138,0.007342223116934221,-0.0034703514846723404,0.003099582424923231
2024-11-21,-0.015020268219358646,0.008243424271290323,-0.0006026835116792473,0.005096557557823678,0.0011609446693174874,-0.00022440504652128122
2024-11-22,0.034668759346967004,0.04216958664370685,0.002527033282716973,0.037185402072266394,0.02199021215592456,0.027708198700316357
2024-11-25,0.01706968522489305,0.016609369658802553,0.022914723027816386,-0.006597487770617527,0.01791791540151233,0.013582841108481358
2024-11-26,0.006759985546502145,0.00871338433059754,-2.79622204341079e-05,0.01823049414316369,0.00307465221244807,0.0073501108024554675
2024-11-27,-0.0019294922389845315,-0.004629279151748156,0.014981407420873616,0.00018191175238002621,-0.0032568697888990528,0.0010695355987243803
2024-11-28,-0.01732131069906484,-0.020230650263165284,-0.010566739396116298,-0.03525597187192375,-0.011032441552493832,-0.0188814227565528
2024-11-29,0.016839707555085237,0.006113411612832742,0.0016173648595572132,0.000646352730300892,0.010689154042510474,0.007181198160057313
2024-12-02,0.013117305492189812,0.0013579603489572989,0.00481603997529545,0.011814822962534333,0.0034998286820502322,0.006921191492205426
2024-12-03,0.010808414844197145,0.006102902347984385,0.011968837870499183,0.006543218115490079,0.002874246008416792,0.007659523837317517
2024-12-04,-0.010844130958031162,0.012003824350153902,0.018507238826706462,-0.0015062756168139346,0.005846831576474365,0.004801497635697927
2024-12-05,0.010008081942164404,0.025181512964128183,0.0030374382314650727,0.024136494632441607,0.0155388430545087,0.015580474164941592
2024-12-06,-0.007942254741674204,-0.004155361986042494,-0.005306161050417257,-0.006434564441505919,-0.00579861933568615,-0.005927392311065205
2024-12-09,-0.012504242071492144,0.001495784959830937,0.007624538993577179,0.0006502953346720908,-0.004854142335272371,-0.001517553023736862
2024-12-10,-0.007952826815636138,-0.004402342341939147,-0.0010160865575541411,0.012944054942814143,0.006163436754624385,0.0011472471964618202
2024-12-11,-0.005175666490439101,-0.0011505171413096482,-0.0026764367998716176,0.013137980990839626,-0.002217306684255238,0.00038361077499280414
2024-12-12,-0.011969914156727657,0.006211327961621604,-0.0020664982713252122,0.00650920525997023,0.0013182395974056238,4.720781889173682e-07
2024-12-13,0.007878739959269243,0.004253644000925094,0.006723178043169797,0.0063914379313676495,0.011773598992114165,0.0074041197853691905
2024-12-16,-0.0035746103419356245,-0.013120553537781077,-0.003499425878066398,-0.009826392248815319,0.0008922065440162275,-0.005825755092516438
2024-12-17,-0.018134627504476253,-0.019636657564027327,-0.01712946287032957,-0.0017424700586318176,-0.009174541044865148,-0.013163551808466024
2024-12-18,0.006384025076941802,0.004470324883135035,-0.012300600860076782,0.0012901324743883613,-0.014695431276150916,-0.0029703099403525
2024-12-19,-0.01819275722362368,-0.01746836287132869,-0.009499070103680562,-0.01664864365482288,-0.020735856670544783,-0.01650893810480012
2024-12-20,-0.020439599893611327,-0.02378337964097632,-0.012266503456425215,-0.012357250888235805,0.0011654982444748718,-0.01353624712695476
2024-12-23,0.014104410968817094,-0.0028775793584691067,0.01665259084160753,0.001118458316468729,0.00651980826472065,0.00710353780662898
2024-12-24,0.00036807405803163107,0.005098302108363262,-0.001610315179043198,-0.007924955706672732,0.000346951490212577,-0.000744388645821692
2024-12-26,-0.005070484313569934,-0.0024883330965612682,-0.004087607026814766,-0.000864290341289764,7.716921516331965e-05,-0.002486709112614482
2024-12-27,0.003699048513918557,-0.0010193076781264132,0.0041881700104582364,0.004901971674011518,0.007862142623904722,0.003926405028833324
2024-12-30,-0.008476386172787898,-0.0014527571323791344,-0.0113165114397078,-0.005608448800772936,-0.009865785246907954,-0.007343977758511144
2024-12-31,0.0039232651719653955,-0.015389003469350682,-0.002840447680699576,-0.013641193279194996,-0.010041317178742237,-0.007597739287204419
2025-01-01,0.004771917014613658,0.004310489696903952,0.005584211515746951,0.0013297865982782042,0.0015605246026291208,0.003511385885634377
2025-01-02,0.016827100720942623,0.015392057703834228,0.00617027065903808,0.0400265549556007,0.005414236021687557,0.01676604401222064
2025-01-03,0.00752945301111696,-0.018164327256334434,-0.024836265035988347,-0.00975560776437534,-0.019796940214232506,-0.013004737451962733
2025-01-06,-0.026495753747466266,-0.0011952081188985053,-0.022124410145508033,-0.00046413694371116865,-0.0007510321912264084,-0.010206108229362078
2025-01-07,0.01876021299125341,-0.016288121682366152,0.00169544115365583,-0.0036123149878771743,0.011984723520569451,0.002507988199047073
2025-01-08,0.019865530979382928,0.019884335210538007,-0.011147453960389075,0.0011912245592959891,-0.012116344211269614,0.0035354585155116464
2025-01-09,-0.008494763778998937,-0.01692876365483509,-0.015640620615835488,-0.008198995973532353,-0.0010682715115654107,-0.010066283106953455
2025-01-10,-0.010240996308177985,0.05615449795272487,-0.006625557373826418,0.02589569567680461,-0.009941432316995402,0.011048441526105937
2025-01-13,-0.0016507150421680716,0.0059664185160481775,-0.015632938696571452,-0.00241490516047993,-0.016081990330538698,-0.0059628261427419945
2025-01-14,-0.0008871995398558319,-0.013527922465723652,0.00965738753901646,-0.011288265819444199,0.00857909582777805,-0.0014933808916458343
2025-01-15,0.010857618472363662,0.003909614169286035,-0.002155889953832313,0.004948270309358849,-0.001652856688643789,0.0031813512617064887
2025-01-16,0.011380021144143493,-0.010189305211388056,0.005477684608542033,-0.01087376732774925,0.008762341437084098,0.0009113949301264633
2025-01-17,0.028346977701285025,-0.0014527131583903508,-0.009261302721310316,-0.058596319700087385,-0.018933627134762765,-0.011979397002653158
2025-01-20,0.0023803347179069956,-0.011274500503291374,0.008859025066953796,-0.001184193970448999,0.006120114962076206,0.000980156054639325
2025-01-21,-0.024321110451110406,-0.010287414083755997,-0.005359542446429111,-0.006948738378760866,-0.02984708520156809,-0.015352778112324893
2025-01-22,0.00266935709712679,0.02991936301694431,0.014399678507978075,0.030960239329291595,0.0035949037903812986,0.016308708348344414
2025-01-23,-0.01053167209564354,-0.002682497221175084,-0.0006902612620759419,0.0048478908621085726,0.0010829575446542616,-0.0015947164344263468
2025-01-24,-0.013729944340881262,0.00166454554621831,-0.009069638391378088,0.005360703314142734,0.006199315151001583,-0.0019150037441793449
2025-01-27,-0.013600401095603454,-0.021000151070858064,-0.012122625867608927,-0.028499839655068082,0.015505953174787201,-0.011943412902870265
2025-01-28,0.004108023069107958,-0.006112999144733511,0.02491101500232351,0.004253565409888083,0.015432440492305854,0.008518408965778379
2025-01-29,0.0008910167695281856,0.014726496187165816,0.004130706911576132,0.02814590774801573,0.003809324079265819,0.010340690339110337
2025-01-30,0.01420481101409754,6.102710884459128e-05,0.008466020110509342,-0.011322226425144355,0.0031559150686892856,0.0029131093753992816
2025-01-31,0.0096164947627011,0.0030122448569591675,0.004286101872654546,0.010672407291862473,-0.0022299426435159475,0.0050714612281322685
2025-02-01,-0.00039523248984307813,-0.00954432503145286,-0.004591637785077429,-0.015134675524565044,0.002195022305696348,-0.005494169705048413
2025-02-03,-0.014787208604033264,-0.0011047903296657058,-0.0076583789402612235,0.006454773756250809,-0.0020310467483590777,-0.0038253301732136926
2025-02-04,0.03154335209732628,0.009437987996584907,0.025566146449135907,0.019052278114264576,0.012130890298564623,0.019546130991175262
2025-02-05,-0.005446621423933262,-0.003883484801336712,0.00982052333493355,-0.0009216341806791428,-0.0003942931856922849,-0.00016510205134157013
2025-02-06,0.0026209472919784815,-0.0020411422191842776,0.003481341992783049,0.009804636910448306,0.0037075830636972285,0.0035146734079445573
2025-02-07,-0.01158756678390982,-0.013067054382256083,-0.006365173963728266,-0.006264189035658396,-0.012181669195780676,-0.009893130672266649
2025-02-10,-0.010302333990412138,0.0018735962321865252,-0.009811064498901345,-0.012265917261953141,0.004534820200616574,-0.005194179863692705
2025-02-11,-0.014996213895739241,-0.018182024540683184,-0.008363671494921565,-0.002472994684980301,-0.007801271205466032,-0.010363235164358064
2025-02-12,-0.014819609664862288,-0.0033807571488041477,0.0031738806410355203,-0.006664352797898676,-0.0007583071668839647,-0.004489829227482711
2025-02-13,-0.0003699149721845263,-0.010126174469354265,-0.005331669610529555,-0.010680885610280244,-0.0023166829713793247,-0.005765065526745583
2025-02-14,0.0009456318389988727,0.0063169424044919875,-0.0016787400730168267,0.007134120660347021,0.008967920813478747,0.0043371751288599604
2025-02-17,0.006284634931411404,-0.0077131933430303334,0.01327552455066372,-0.00759528692422351,-0.007102635040289629,-0.0005701911650936695
2025-02-18,0.0004083041546305566,-0.008016414405865424,0.003319063649391163,0.005238000981332425,-0.006474079884892903,-0.0011050251010808368
2025-02-19,0.0016728413122777397,-0.023004142545348993,0.0024084736932075135,-0.022219797082353332,0.014963153459143896,-0.0052358942326146355
2025-02-20,0.004521536732671194,-0.0012420340680170394,-0.023216725677409955,0.007924684088330913,-0.009273535220054363,-0.004257214828895851
2025-02-21,-0.003933493591583903,0.0017462816256437197,0.00320070824690033,-0.005561239981550892,-0.013600611656850559,-0.003629671071488261
2025-02-24,-0.011073536656446947,-0.029160065503302746,-0.009098889114868336,-0.028044119843282367,-0.01184140164268832,-0.017843602552117747
2025-02-25,-0.008686383010429899,-0.012528632211556645,0.0031303292481248413,0.0020407142769278686,0.004760575802008171,-0.002256679178985133
2025-02-27,0.002574774875932162,-0.004683744252231059,0.010907348131034889,-0.001923315232368994,-0.0013887964206850123,0.0010972534203363975
2025-02-28,-0.005799020532345489,-0.03579191114878355,0.01863944442320431,-0.04341671581621931,-0.015010829513102175,-0.016275806517449243
2025-03-03,-0.024039698599903736,0.0028135303964813563,-0.017807618912381695,0.012383696239158581,0.0017439631707285574,-0.004981225541183388
2025-03-04,-0.007982883563999676,0.011164993955129043,0.004966063972997592,-0.011880961475985274,0.0034820598022020643,-5.014546193125066e-05
2025-03-05,0.01179108698944109,0.004246852046609684,-0.011695925787411077,0.013741580020455668,0.004378619619770152,0.004492442577773104
2025-03-06,0.02892137553821139,0.015379064405596887,0.0007100231514729494,0.002541643818905648,0.0019331362408505637,0.00989704863100749
2025-03-07,0.03323414970498373,0.002665329701705854,-0.0011529596908068651,-0.01739663117251622,-0.0028733847013396874,0.002895300768405362
2025-03-10,-0.009121537517458145,-0.0059674180599113,-0.0010359876729750805,0.009163726645634362,0.0002469648247733769,-0.0013428503559873572
2025-03-11,0.0071867371517375656,-0.0039977870942273785,-0.0011852244257440914,-0.02342127704533281,0.0251471263067371,0.000745914978634076
2025-03-12,0.007816871127249048,-0.019326963823733112,0.015218094810931948,-0.04257942110175095,-0.0011642941686980102,-0.008007142631200214
2025-03-13,-0.0072788470127675975,0.0013832779738274237,-0.002659094578994048,-0.006914539079963089,0.00490383301738051,-0.0021130739361033602
2025-03-17,-0.007252396828106189,-0.003802388690413827,0.002226745411427533,0.006456419675162639,0.015159305133598089,0.0025575369403336495
2025-03-18,0.0,0.0,0.0,0.0,0.0,0.0
2025-03-19,0.006699917956740187,-0.00017139814597100234,0.01970294260296268,-0.002201268044741189,0.034751783171645734,0.011756395508127283
2025-03-20,0.01764022707469448,0.018886912005049883,0.01413336494624362,0.01827864517955491,0.006549359442472591,0.015097701729603098
2025-03-21,0.005672953035154915,0.004195842488704304,0.000904595147098064,-0.014236630209562784,0.01619126019966699,0.002545604132212298
2025-03-24,0.020174729062875096,0.014211408103236955,0.016748088583559806,0.00012561693800083873,0.011205535270642386,0.012493075591663017
2025-03-25,-0.012786945794292182,0.007936224211137155,0.011916664815102784,0.02241392209051929,-0.010639565901107817,0.003768059884271846
2025-03-26,-0.009646421132837424,-0.006000974241707979,-0.008180266495797062,-0.01780833777650781,-0.005804845021033067,-0.009488168933576669
2025-03-27,0.004045346724523613,0.004235684987601962,0.010406558422902057,0.0025634763861051013,0.0005614206859101412,0.004362497441408575
2025-03-28,-0.002425308203808707,-0.012338468957135196,0.001561273795473106,-0.020516951097389602,0.008753192761792539,-0.004993252340213573
2025-04-01,-0.017645690501992828,-0.015348800291001163,-0.03301060437727232,-0.028109431241027272,-0.022175320215675587,-0.023257969325393833
2025-04-02,-0.0011574254964470398,-0.001929169916142115,0.01643243138646744,0.015493017219828209,0.009708483006485302,0.00770946724003836
2025-04-03,-0.0019582418867142293,-0.039729670170996045,-0.0011407812535323414,-0.03460960068585206,-0.0012769736693135636,-0.015743053533281648
2025-04-04,-0.03523675903814394,-0.03048644017170654,0.01250798982403678,-0.029969845765862924,0.004324813426934915,-0.01577204834494834
2025-04-07,-0.032373254415905106,-0.007683181009509488,-0.03279599423742208,-0.03781908152850433,-0.03575978013190306,-0.029286258264648812
2025-04-08,0.014154725390701506,0.0057726843103904635,0.006514290898725017,0.022946167434048537,0.009591839330115759,0.011795941472796256
2025-04-09,0.0026645384242292014,-0.014075405319440737,-0.002345785303134007,-0.0175672866711043,0.0006923435959553803,-0.006126319054698893
2025-04-11,0.02834600587270697,-0.0046510882997969905,0.023654381134639912,0.0040963148534016725,0.008340997406485195,0.011957322193487352
2025-04-15,0.01735106601006997,0.005167720719408964,0.03218483328956068,0.011742217815352785,0.029390404668372394,0.019167248500552958
2025-04-16,-0.0006450607873236258,0.007881394346285209,0.0070244919481794454,-0.00904635045770219,0.0045919916092633795,0.0019612933317404435
2025-04-17,0.028403081361119353,0.007666835843931796,0.015282182622484042,0.004529120159982192,0.03708345203402308,0.018592934404308092
2025-04-21,0.016476946736505127,0.00688112641108618,0.010699099284976477,0.022190900249224876,0.0022037330479445227,0.011690361145947436
2025-04-22,-0.003319087131763432,-0.0021675259663334057,0.017954519750174036,-0.019434809087187532,0.004752377046432388,-0.0004429050777355892
2025-04-23,0.006815330221019433,0.02974897063507287,-0.019269017622261853,0.03661793270198754,0.00557718207850888,0.011898079602865375
2025-04-24,0.0012307715038371025,-0.0033401726122890274,-0.003690434913577456,-0.0023731278938248224,-0.01523444215362224,-0.004681481213895289
2025-04-25,-0.0009219202768825374,0.01364065596526709,-0.002921540877098616,0.00598066072102843,0.0014971341408842598,0.0034549979346397254
2025-04-28,0.05259927244439733,-0.0013051722311487879,0.004709074904107213,0.0012835923722847031,0.017084236497875827,0.014874200797503257
2025-04-29,0.022574383142954124,0.008421711859840642,-0.005936875407880238,0.01039072652608608,0.0006999476645432878,0.007229978757108779
2025-04-30,0.0037865383223170124,-0.005413945245441032,0.008487005611003573,0.0017362433007710454,-0.00195843056945888,0.001327482283838344
2025-05-02,0.010533849468939094,-0.006572702980500389,-0.0016104005388689613,0.004533080083216401,0.0021723836403428898,0.001811241934625807
2025-05-05,0.008099785134819015,0.006791069449955556,0.0077527826000634015,0.0011280068822223654,-0.000489396566746847,0.004656449500062699
2025-05-06,-0.007266177649733696,0.001650118535203804,-0.002633254447821476,0.0019223793176292858,0.0015390301749369506,-0.0009575808139570262
2025-05-07,-0.010486336160832499,-0.004306347385682252,0.007195787492521699,-0.002117050166978607,0.00265446045799278,-0.001411897152595776
2025-05-08,0.0007112498232164643,0.0011030416318829062,-0.008789053031023064,0.0020552247803138357,6.956922133194432e-05,-0.0009699935148555827
2025-05-09,-0.021179865301615197,-0.00249360682527755,-0.020119329905647354,-0.0025141900003474715,-0.03246245640560064,-0.015753889687697642
2025-05-12,0.04305835495745569,0.052350075228654536,0.03571999269772341,0.07913240517681541,0.04291163251478736,0.050634492115087276
2025-05-13,-0.014479665855579138,-0.029112775219206632,-0.017678330000462705,-0.03583505178723412,-0.012357653784269229,-0.021892695329350367
2025-05-14,0.006145528537022882,0.009587449880838816,-0.006241493206634363,0.015172806937768124,-0.0030756520217534167,0.004317728025448409
2025-05-15,0.020921051471469054,0.008791867508048057,0.012142736728829595,0.0129364571622832,0.017248694534003794,0.01440816148092674
2025-05-16,0.0015128514905287105,-0.005195582122992648,0.0004653975673025723,-0.014321148672298833,0.002205662368634842,-0.003066563873765071
2025-05-19,-0.010711341598050206,-0.0119338704462858,0.002067507550579384,-0.01893193329622611,-0.003438741372539522,-0.00858967583250445
2025-05-20,-0.011243827538186757,-0.005825876368613869,-0.012276239952846213,0.0005127706987231306,-0.0074534860198017805,-0.007257331836145099
2025-05-21,0.003228928712150969,0.007860961311650039,0.0062144423982861685,0.005062136543327211,0.004519492348483478,0.0053771922627795735
2025-05-22,-0.013853748367148477,-0.013840935791374354,-0.0035810974917631633,-0.01338858124655562,-0.0017996462015263948,-0.009292801819673601
2025-05-23,0.012345734016484755,0.010814100595158749,0.007135792229040261,0.011179365705227706,0.005339512313703443,0.009362900971922983
2025-05-26,0.0056068761250060994,0.006458739780027756,0.003413311811998554,0.010033176415967349,0.007449202090612506,0.006592261244722453
2025-05-27,-0.008851440092437768,-0.01091231471430576,-0.00716419775757926,-0.006580176684588546,-0.009721977929487924,-0.008646021435679852
2025-05-28,-0.006469209739104365,-0.0002859007171134298,-0.0014535989272199679,0.0010827657468199803,0.005116174836402809,-0.0004019537600429945
2025-05-29,0.003468034209246351,0.00011451074071744394,0.0020795460868408,0.008779705559551543,0.0018571552784039103,0.00325979037495201
2025-05-30,0.0021864194149390226,-0.00991971847122708,0.009027269201477672,-0.0005756090600607111,-0.007346289193481237,-0.0013255856216704666
2025-06-02,-0.0050672635520357945,-0.003926720442982035,-0.00658132635298192,-0.005695232309131937,0.003250694741943061,-0.003603969583037725
2025-06-03,-0.005800360272230853,-0.012928363786135932,-0.003881768848261302,-0.006950710778507507,-0.008686613642050811,-0.007649563465437282
2025-06-04,0.012806788518611167,0.0016888035672224522,0.008625134369516951,0.005314308611814145,-0.00479874582469253,0.004727257848494437
2025-06-05,0.013277207814544667,-0.0028985981908249414,0.004327195311416787,0.001998493314153027,0.016631879122081417,0.006667235474274192
2025-06-06,0.0007625285628107825,0.0038859977160066173,0.01492620501066666,0.006112073665204276,0.003368038078382485,0.005810968606614165
2025-06-09,0.0036717291441485944,0.011139937310806092,0.00010106074373594787,0.005819158641383382,-0.017058241547746045,0.0007347288584655942
2025-06-10,-0.007109403277025583,0.011981571630630405,-0.00687245300228756,0.014686236400958341,-0.008293871232915584,0.0008784161038720038
2025-06-11,0.007229809741173154,0.002599054891809338,-0.0075815761441127005,0.021992470808734677,0.005692544367514429,0.00598646073302378
2025-06-12,-0.005038340761961302,-0.010858543807855225,-0.003588965038381353,-0.013794403336317873,-0.004053056683499534,-0.007466661925603057
2025-06-13,-0.00950328877215667,0.003348627874598664,-0.013275772606438418,-0.004102943549498028,-0.006385073422077503,-0.005983690095114392
2025-06-16,0.006933222869926148,0.014684922037142334,0.009282435811056589,0.0136080467116233,0.007626564467560826,0.01042703837946184
2025-06-17,-0.004590408482557651,0.005434290828294275,-0.0029967853941786915,0.009915008420867677,-0.0025929593667983752,0.0010338292011254468
2025-06-18,-0.0007684958841638334,-0.01817766795700826,0.002228485640016986,-0.00426854715511904,-0.007448011441958502,-0.00568684735964653
2025-06-19,0.0022376098916994103,-0.007938760247326315,0.0007238781660565685,-0.008879911401724061,-0.0009202267310804979,-0.0029554820644749793
2025-06-20,0.0229540053991637,0.003417023089365312,0.015191485224747447,0.002780514600576822,0.01119528533703118,0.011107662730176894
2025-06-23,-0.006411090241396078,-0.012253585284083268,-0.008296485775162177,-0.023969441801684144,-0.004905122432481757,-0.011167145106961485
2025-06-24,-0.004118687016805178,-0.0009430862060034739,0.006415555606764212,-0.0015152157074030947,0.00281676853423396,0.0005310670421572851
2025-06-25,0.011373147212886403,0.016045266922060986,0.009842427771912687,0.02105467097223035,0.0011938032681899635,0.011901863229456078
2025-06-26,0.01908257690602988,-0.0008708543319485562,0.02100801401635133,0.0006811300627538319,0.009328055483028619,0.009845784427243019
2025-06-27,0.013442087140335568,-0.00020326279032223393,0.007550723257445657,-0.004950443847486885,0.0160516698681048,0.0063781547256153825
2025-06-30,-0.009766355922302017,0.006073469450702307,-0.006650472504652782,-0.0038557206878608863,-0.011215930566344068,-0.00508300204609149
2025-07-01,0.018525947099128137,-0.009329875869420357,0.005296008397041696,0.003121574451673048,-0.009544963653943195,0.0016137380848958661
2025-07-02,-0.006281009205256427,-0.001865947554398395,-0.012971503743565815,0.0023026302309974156,-0.0029329163706924843,-0.004349749328583142
2025-07-03,-0.0006585068990413445,-0.0065725019949816055,0.0005538408190581823,0.005091572833707092,-0.001330675573284812,-0.0005832541629084975
2025-07-04,0.006259167109516239,0.005586893947595373,0.001107193704058096,0.013591090485032042,0.01185205922732413,0.007679280894705176
2025-07-07,0.009297338276263556,-0.002368674321269526,-0.0009551381479701027,-0.008349950399619943,-0.00492095942673898,-0.0014594768038669991
2025-07-08,-0.002529982994201152,-0.0016120310342148114,0.007044384340888721,0.007191015713069682,0.0043880798992399495,0.002896293184956478
2025-07-09,-0.012096806482165712,-0.006576209917384501,0.0048965508153810955,-0.0030511289532565433,-0.007004138617580091,-0.00476634663100115
2025-07-10,-0.00118496195014961,-0.0005319469787221642,-0.002486106189528603,-0.010956668123773494,-0.005447286899741943,-0.0041213940283831635
2025-07-11,-0.014500401948113417,-0.034299231001064134,-0.011215236416211471,-0.012934888519740784,-0.0015448450172454997,-0.014898920580475062
2025-07-14,-0.007691329035668826,-0.013257828166635344,-0.0003528072128693438,-0.015424124114500226,0.0007735740070060615,-0.007190502904533535
2025-07-15,0.0011458537942672375,0.009184891543765783,0.006303589038414659,0.00974336078173299,0.005481443692961774,0.006371827770228489
2025-07-16,0.0001346130302264381,-0.0025298901075797575,0.00040090406953474655,0.014064150291884792,-0.0030752219045273588,0.0017989110759077719
2025-07-17,-0.006192774888766461,-0.007392324544070017,-0.0047087194874023686,-0.015175071935531359,-0.005398282599437532,-0.007773434691041548
2025-07-18,-0.00027095063894810867,-0.00601404711784026,-0.01484725469288306,0.0016417953174130417,0.00500472868471924,-0.00289714568950783
2025-07-21,-0.03211380842210021,-0.009937545879653453,0.022018982052014247,-0.0011347276310409438,0.028054378087147835,0.001377455641273495
2025-07-22,-0.011059745551301958,0.00044330359565436517,0.0032991454681567944,-0.008458025565570737,0.005321305626571071,-0.0020908032852980933
2025-07-23,0.008352125623248163,0.006171631355441187,0.00856965313813407,0.002291656053789337,0.010179178629853292,0.0071128489600932095
2025-07-24,-0.015232315630201554,-0.009782544013329786,-0.004989442785946707,-0.013972705346624426,-0.003493229331726466,-0.00949404742156579
2025-07-25,-0.007983477847461673,-0.003875521606194532,-0.0022894633978292056,-0.023703702374586855,-0.004247060917104917,-0.008419845228635437
2025-07-28,-0.002945981984557977,-0.018017822968631414,0.001945526375720652,0.0001979054105702982,0.0076501392205581276,-0.0022340467892680623
2025-07-29,0.02125974044296597,-0.007566584156944223,0.006522271262082713,-0.001517197325189068,-0.0014781066033652257,0.0034440247239100326
2025-07-30,-0.004939663693119933,-0.0007853754259282697,0.002077587109102108,0.003501506411481614,-0.0025568573783067983,-0.0005405605953542557
2025-07-31,-0.01411256012262685,-0.005501699264810811,-0.0037516518796361087,-0.006583292960204434,-0.0006745555891211064,-0.0061247519632798625
2025-08-01,0.002517666933043783,-0.011130167453644368,-0.002972929019413595,-0.026110111456710716,-0.006615374991971623,-0.008862183197739305
2025-08-04,0.012771749405182442,0.023776251013969407,-0.010038762947834123,0.007417015227782597,-0.0057080704858827325,0.005643636442643519
2025-08-05,-0.014027645661354837,-0.0034153189635308667,-0.007228948535774382,-0.013644025975914187,-0.012848493295599672,-0.01023288648643479
2025-08-06,0.0007904846701709545,-0.010313685420270557,0.0038936654662875547,-0.0161610684064869,-0.0005538588433754432,-0.004468892506734879
2025-08-07,-0.002441185464059914,0.004847865231157877,0.00508739190862606,0.00013916239572964173,-0.0022859230722696022,0.0010694621998368127
2025-08-08,-0.015546263763997925,-0.0034789107724645385,-0.010774760784228898,-0.009603953459784043,-0.00305493807010937,-0.008491765370116955
2025-08-11,0.01345223906930193,0.0014492470840665739,0.01099339634295271,0.003583666198091917,0.00048741969928922657,0.005993193678740471
2025-08-12,-0.004184030550368867,-0.0017759486645639866,-0.01287827459922819,-0.0028706502498464515,-0.0025251962674345263,-0.004846820066288404
2025-08-13,0.00159364347911084,0.00026354056954080995,0.005279416637375078,0.0017554986255381433,-0.0008438630088650756,0.0016096472605399593
2025-08-14,-0.002396234915443829,-0.0045780831377887354,0.005453712621415141,0.01479032308598871,0.004574900644521929,0.003568923659738643
2025-08-18,0.005750387752597064,-0.003672664182046592,0.0062779420585099555,-0.008219915651863086,0.005114495053901047,0.001050049006219678
2025-08-19,0.0277918481328272,0.0016605770397548625,-0.006238775388107354,0.002925300467010894,0.0011850014681662469,0.00546479034393037
2025-08-20,-0.004999603624136206,0.027319069554762265,-0.001456464608844743,0.03902767715754085,-0.003968527410984968,0.011184430213667442
2025-08-21,0.008351050852788644,0.0012909906137301697,0.0015088937729046403,0.00013371289742147852,0.010764703351546778,0.004409870297678342
2025-08-22,-0.010948986783200665,-0.015664345109293154,-0.013358792659587726,-0.005947651460804226,-0.006638941201889681,-0.01051174344295509
2025-08-25,0.002412750251587381,0.02835622326994569,-0.0002544822092365173,0.029983180470175563,-0.0022278561375354,0.011653963128987343
2025-08-26,-0.019609227068779322,0.005285654811861384,-0.008808058620231485,-0.0016317510455677864,-0.01158244350649218,-0.007269165085841878
2025-08-28,0.0007221359781603987,-0.02011291472200183,-0.016026371585568855,-0.01928603316799038,-0.012353565256034371,-0.013411349750687009
2025-08-29,-0.02070862138199292,-0.0029090011859400633,-0.006473164848890711,-0.020332040675054452,-0.0009291187124245148,-0.010270389360860532
2025-09-01,-0.0024314600515965568,0.009044600730373498,-0.0010508991029281045,0.020277718470835593,0.009443376246108581,0.0070566672585586025
2025-09-02,0.009306434069823899,-0.00035340108515213853,-0.006416915096540743,-0.00046691187492264863,-0.011906445480868166,-0.0019674478935319596
2025-09-03,0.004463939560155561,-0.00449940723509068,0.010534648106045319,-0.013078034279179307,0.002008334242761034,-0.00011410392106161511
2025-09-04,-0.009689625876550978,-0.0005811192476562477,0.0071244893318573865,-0.010884906516930082,0.006084477752664519,-0.0015893369113230806
2025-09-05,0.011550109855192225,-0.015311650022431955,0.0022367054380347806,-0.012577025267862307,-0.0019209816423766402,-0.0032045683278887796
2025-09-08,0.0025454506535760313,-0.009611889985237987,0.0026987552237061063,-0.008098978634648923,-7.134290603616478e-05,-0.0025076011297281878
2025-09-09,-0.001668579358936717,0.010069532880808696,-0.0008798649970190864,0.04982898341051589,0.0007128656497046304,0.011612587517014683
2025-09-10,0.0005813609478000359,0.01987283884701596,0.0007770767501502629,0.01881268816286541,0.00014250664541370917,0.008037294270649076
2025-09-11,0.004575245705825681,0.004565922950080958,0.0019670059198386713,-0.014941959712930664,-0.001638286018223134,-0.0010944142310816971
2025-09-12,0.008458009292861446,0.0029447362828769474,-0.0005165899549602893,0.010531931659025773,0.011486820825514554,0.006580981621063687
2025-09-15,0.0030823948774383325,-0.006861643207537238,-0.00025849262112609406,-0.011274218783652867,0.0011992144281534056,-0.0028225490613448924
2025-09-16,0.004287876866437168,0.010861643717527736,-0.00020678340679591845,0.0019226518761930045,0.00154988713862525,0.0036830552383974487
2025-09-17,0.0060485713051525725,0.00861491220391053,-0.00036199393523805856,0.007344655915148657,-0.0016882009852803304,0.0039915889007386745
2025-09-18,0.0008486758999204369,0.0012292231002259957,0.010760524816156192,0.01195472450113444,0.001761487574001075,0.005310927178287629
2025-09-19,-0.005370967430211482,-0.002361056125370631,-0.010236508275741407,-0.0002596364021906217,-0.013715928375991449,-0.006388819321901119
2025-09-22,-0.01193697408733907,-0.03010211863451462,-0.002792426048868313,-0.0264251730701186,-0.0004991751232047426,-0.014351173392809068
2025-09-23,-0.0005751644315916682,-0.0037089094648043996,-0.007259905344918827,-0.0013337641009982804,-0.0051373259063201004,-0.003603013849726655
2025-09-24,-0.004892858315176718,-0.008816532299580238,-0.006424978193304343,-0.0019365619738304085,-0.008319695104019198,-0.006078125177182181
2025-09-25,-0.007664448009885971,-0.0256967971611336,-0.0012618342628776258,-0.006556912622336375,-0.004990125425744507,-0.009234023496395617
2025-09-26,0.0037889514205171615,-0.019713108950485947,-0.005053387398649467,-0.024178323482282993,-0.011775061800240016,-0.011386186042228253
2025-09-29,-0.0034843534361621575,-0.0010349597111234399,0.005555229482790303,-0.0049002836454377086,-0.008458332616551045,-0.00246453998529681
2025-09-30,-0.006410272444172027,-0.0026587389735029943,0.000736661837417163,0.0,-7.414638066127743e-05,-0.0016812991921838275
2025-10-01,0.003445729911237372,0.008932306558979475,0.014984205365028203,0.002774281018595781,0.01780412178514612,0.009588128927797392
2025-10-03,-0.0038722179717254335,-0.004220737605155289,-0.00010355236683678992,0.0005533211353960787,-0.004956277272310516,-0.00251989281612639
2025-10-06,0.008508154209957652,0.02980805122839847,0.00859965793966011,0.020323525236064288,-0.001318458728779226,0.01318418597706026
2025-10-07,0.00712726183001311,-0.004919080898000305,0.009296849251305472,-0.011856395619015192,0.009168261764599617,0.0017633792657805404
2025-10-08,-0.012565010212474692,0.01799108833933749,-0.0038676704279506646,0.025025734412872147,-0.0040700021400815745,0.004502827994340541
2025-10-09,0.007605702038898432,0.011396792256689325,-0.0016348924815233756,0.009565266367886238,0.004305470175902881,0.0062476676715707
2025-10-10,0.0028305316105254885,-0.010909009670644343,0.003889109053228923,0.003710290615941192,0.0029793605842078907,0.0005000564386518303
2025-10-13,-0.0048490284679943985,-0.006967535800564195,-0.003975942694001144,-0.014324417147475232,-0.0006521067542991643,-0.006153806172866827
2025-10-14,0.0006545571950453688,-0.015595940621343285,0.00015355572961639474,-0.0022099322892892292,0.0034072322565121826,-0.002718105545891714
2025-10-15,-0.001162886150263942,0.006950726128025275,0.0011257119752032807,-0.010403337988314054,0.010331689873028127,0.0013683807675357379
2025-10-16,0.017463421964418302,0.00030307905458437645,0.016457924155284243,-0.0019669885323125857,0.013515496539897365,0.009154586636374341
2025-10-17,0.013230393728203227,-0.002861365990575071,0.008246599680788558,-0.020659148741809408,0.01361736847435413,0.0023147694301922875
2025-10-20,0.035290716445324666,0.017892137809134345,0.00039898441231578374,0.013739492985189727,-0.032228811727195716,0.0070185039849537615
2025-10-21,-0.0010908202546936474,-0.0028189684853908714,0.0047360425532414485,0.007871842773240711,-0.0059700075871318425,0.0005456177998531596
2025-10-23,-0.0114659946029676,0.022117213767940624,0.0010915842847574186,0.03810102851639097,-0.0132416506831885,0.007320436256586583
2025-10-24,0.002209355342217556,-0.0032539302042934315,-0.013927448112644902,-0.0020280904023657342,0.010266168997269176,-0.001346788875963467
2025-10-27,0.022389029988648,0.007084031677260905,0.008243283616534036,0.0013976956201109392,-7.255333966060817e-05,0.007808297512578655
2025-10-28,0.0018867452120525652,-0.008752225441310713,0.0005982069997889639,-0.0028580523068583163,-0.0105255548365224,-0.00393017607456998
2025-10-29,0.01163483310742941,-9.808810217004638e-05,0.004284793179051949,0.006799131223506949,0.0053554706997449575,0.005595228021512644
2025-10-30,-0.010437403705000348,-0.007293366961630965,-0.00962438441689184,-0.010990478172126061,-0.005837700814689262,-0.008836666814067695
2025-10-31,-0.0014107318108448341,0.00747865325484498,-0.010870166544315718,-0.007698438797820617,-0.01255137010901397,-0.005010410801430032
2025-11-03,-0.0011437600722541408,-0.01347283922236231,0.005418867341157929,0.0021587102122944124,0.0008175821802771654,-0.001244287912177389
2025-11-04,-0.0078130381840249,-0.008817200292025706,-0.007454795197989084,-0.011847834929373469,-0.00705581714285719,-0.008597737149254072
2025-11-06,0.015613345081491259,0.006922583068709409,-0.0006089537613914731,-0.0008175638856127154,-0.012341985651076581,0.0017534849704239804
2025-11-07,-0.012098138921255441,-0.006343575521699063,-0.0023867007140820906,0.0068863183526914895,0.0171159848480682,0.0006347776087446185
2025-11-10,0.007645503023053557,0.011163724407185827,0.0022396834592501857,0.024850994777016355,0.0037230473662404062,0.009924590606549268
2025-11-11,0.0027530023395538894,0.0072061766750126655,0.007313327082023147,0.011100136396105631,0.0076409310334562,0.007202714705230307
2025-11-12,0.01211992909292925,0.02783063238573047,-0.0022183916416599336,0.013984138460696016,0.0004417187699663483,0.010431605413532432
2025-11-13,-0.00039690971869799085,-0.008333836198424094,-0.0028802007299383314,-0.006380099214911006,0.01986902126669654,0.0003755950809450235
2025-11-14,0.005294826136542197,9.657842384180881e-05,0.0029898266032626353,-0.02529511684151775,-0.009308000734386312,-0.005244377282451485
2025-11-17,-0.0003949759893837612,-0.0012234260644071737,0.007023032569990706,0.003194060436778612,0.004369984684746253,0.002593735127544927
2025-11-18,0.0007244356949636099,-0.0048674423270759215,-0.00411416613346649,-0.014062095178724365,-0.004060941981072319,-0.005276041985075098
2025-11-19,-0.0003290652512906167,0.019629993190572126,0.002166326784506456,0.03680031238369086,0.007062755700877554,0.013066064561671278
2025-11-20,0.019882826481121718,-0.0009211881153695645,0.014327410084544301,-0.0029848784769667125,-7.22700714770319e-05,0.006046379980370543
2025-11-21,-0.001613860485537244,0.0018441555261188292,-0.010705245599863855,0.005532043516112584,-0.009761437231621262,-0.00294086885495819
2025-11-24,-0.006918402716518335,-0.002983507287500964,0.0011021386425633661,0.0019417916159578663,-0.000803135022053203,-0.001532222953510254
2025-11-25,0.0024740929270772316,-0.007003693667537614,-0.009357957943524453,-0.011240338961612806,-0.007746249668727279,-0.006574829462864984
2025-11-26,0.019614227507197768,0.01400994107168696,0.014245319807291823,0.017836172185772492,0.012667508544113248,0.01567463382321246
2025-11-27,-0.004140396168178739,-0.008315086480391476,0.005578208294847897,0.0054560527467264475,0.012509050045779624,0.0022175656877567503
2025-11-28,0.002622519213936192,0.00028688096265372387,-0.0018821130851081058,-0.004022004505517596,-0.002442093885728691,-0.0010873622599528957
2025-12-01,-0.0008931406081523763,-0.0013068234025789272,-0.005458524762346428,0.0024998325291267776,0.0009360093983852291,-0.000844529369113145
2025-12-02,-0.012642863060538412,0.000734104633679733,-0.012274202782653676,-0.0019181223691103755,-0.012301264078151686,-0.007680469531354883
2025-12-03,-0.004850269145247221,0.014127610935919632,0.01081023547315052,0.011338870666792955,0.013474141858950128,0.008980117957913203
2025-12-04,-0.002079562098127874,0.015471658461697624,-0.0032983193993856297,0.011971846896486671,-0.003449614738172402,0.0037232018244996775
2025-12-05,0.003256017134998901,0.0027870934985261275,0.006117109077992788,0.011642478246658872,0.004182646645853216,0.00559706892080598
2025-12-08,0.001557889183141814,-0.0005249365186679178,-0.00019937400026992513,-0.003341107568014867,-0.0020825682899053843,-0.0009180194387432561
2025-12-09,-0.008814042063944538,-0.008713122039908594,-0.005981423099213901,-0.007325620214527873,-0.010362728725219372,-0.008239387228562855
2025-12-10,0.004903945359473916,-0.005953268794251287,-0.00732121827282306,-0.008880512717761135,-0.008435157562706408,-0.005137242397613595
2025-12-11,0.005270284298839245,0.0008465275767657321,0.01060820487444758,0.008329126564652345,-0.0026400116130178564,0.004482826340337409
2025-12-12,0.007443411420030577,0.008960189870690138,0.001199645558420892,0.00012510205026106114,0.0044117567193278084,0.004428021123746096
2025-12-15,-0.00019279610688960336,0.0030119655029656744,-0.005391967575958834,0.005381134286299716,-0.0005856685051376376,0.0004445335202558631
2025-12-16,-0.008931955777110256,-0.00777034188672987,-0.001807024642456856,-0.00865073871659816,0.0005860117137421739,-0.005314809861830594
2025-12-17,0.0013616007284771303,0.003962427599463858,-0.010359015914392256,0.005712833950994423,-0.009956094237207558,-0.0018556495745328807
2025-12-18,0.0,0.01957861346253953,-0.0043699227745961355,0.015480693681181323,0.003253524112569517,0.006788581696338847
2025-12-19,0.013403186310904314,0.0003656956761814989,0.005920174882679152,0.007314899368866756,-0.0019900226683305933,0.005002786714060225
2025-12-22,0.00658110679344337,0.013071311218222137,0.002232410988758149,0.03106121656564742,0.010634405240484757,0.012716090161311169
2025-12-23,-0.002983431547231463,-0.004481384353624107,0.009010763931792232,-0.012606480409848464,-0.004019059047245532,-0.003015918285231467
2025-12-24,-0.00795817911602592,0.0027190580197862246,0.0006020808426914215,-0.002937153174881635,-0.002347649776244465,-0.001984368640934875
2025-12-26,0.0006417426942348925,-0.011750455999179898,-0.005114327770677107,-0.004388606103427617,-0.006912867917709731,-0.005504903019351893
2025-12-29,-0.008722386443924313,-0.008689167121902486,-0.00040318699715369277,-0.0068836627040668175,-0.005257614543818345,-0.0059912035621731315
2025-12-30,-0.0037525936694431383,-0.0014454228976116257,-0.0008066366810288716,-0.014045114642839751,-0.0005956571280272271,-0.004129085003790123
2025-12-31,0.019872749161595316,-0.01250463662079171,0.000302740777692323,-0.003823337710604058,0.00029800607345542574,0.0008291043362694595
2026-01-01,0.0033111527772029525,0.0066121841967967665,-5.0451958155561805e-05,0.008914186384206824,-0.0036487993291453025,0.003027654414181136
2026-01-02,0.010599232824698213,0.007219463689806416,0.010543238508079256,0.006503869946475227,0.013004469576272104,0.009574054909066243
2026-01-05,-0.008917991859113128,-0.010643835128568035,-0.02406144154441625,-0.020726690484366816,0.011878358805123668,-0.010494320042268112
2026-01-06,-0.04467397667305939,0.012344133767710597,-0.015652197094406572,0.003610541318017191,0.02894636221659752,-0.003085027293028132
2026-01-07,-0.0022552717026890212,0.012224348743963276,-0.013666586966833316,0.016623294968570956,0.01169217848406423,0.0049235927054152254
2026-01-08,-0.022337423385908717,-0.027825026827415944,-0.002476163429401379,-0.01568028785226816,0.0051132351854523694,-0.012641133261908365
2026-01-09,0.003196041265173921,0.0012172749140475503,-0.008133504186030871,0.0004958170940481121,-0.02139373594650673,-0.004923621371853604
2026-01-12,0.0053547636931428055,0.009913447560935262,-0.0021831917297068237,-0.011275601044485883,0.006266385643852956,0.0016151608247476636
2026-01-13,-0.020496171220296455,0.008766403821825142,0.0004269190647672172,0.0019424539138996888,0.0169132575415063,0.001510572624340378
2026-01-14,0.004129973889475558,-0.023102788646099826,-0.012695339519595117,0.0005003292501839507,-0.01294368582628791,-0.008822302170464669
2026-01-15,0.0,0.0,0.0,0.0,0.0,0.0
2026-01-16,-0.0006169565104086061,0.022707640360314585,0.006105106955523132,0.05625706074194747,-0.005358088376260062,0.015818952634223307
2026-01-19,-0.030386222382269512,-0.013440520237555598,-0.003436744182823248,-0.005089435612882887,-0.02140636813515462,-0.014751858110137175
2026-01-20,-0.013865288327362557,-0.019376657928196983,0.003556383560383569,-0.013264245798949581,-0.0034766717394878466,-0.00928529604672268
2026-01-21,0.007604056306050433,0.006543522779421718,-0.011651693421642073,-0.0027126271391266776,-0.019479646810778295,-0.003939277657214978
2026-01-22,-0.0014950853130218933,0.008902767314289628,-0.0017927454649970809,0.005500467292467226,-0.002594487025329162,0.0017041833606817438
2026-01-23,-0.011693449417618407,0.0038407873898465006,-0.0028301326122367465,0.004388342235966736,-0.0015607232409247107,-0.0015710351289933253
2026-01-27,-0.00404010662257559,-0.0014229047381563165,0.011243416433832643,0.007122263951240937,0.0133988140890835,0.005260296622685035
2026-01-28,0.011734823320726173,0.01333130274311678,0.006800464932957384,-0.009627351196617062,0.004627576314816917,0.005373363223000039
2026-01-29,-0.00408100477061113,-0.017405808436043002,0.0030020507261359075,-0.004200390561712175,0.011625366960408945,-0.002211957216364292
2026-01-30,0.0031631999215702145,-0.006519531136254586,-0.006680924664804744,-0.011147938072588515,-0.020670756635300158,-0.008371190117475558
2026-02-02,-0.0035831590207748842,0.014629230792389425,-0.0012376212007129128,-0.0070689040117084545,-0.001623549766056609,0.0002231993586273124
2026-02-03,0.033587393461975035,0.017573142208165082,0.02219595265139751,0.01632505107605864,0.027276695526662786,0.023391646984851813
2026-02-04,0.013708276482541581,-0.07013294661283864,0.0046378811875502635,-0.07258454969424133,0.013456166433760686,-0.02218303444064549
2026-02-05,-0.009198276446980902,-0.0025341201112869527,-0.0035672904482948464,-0.010157624300343282,-0.008449319553143098,-0.006781326172009817
2026-02-06,0.0051268004167235315,-0.0166806367148169,-0.009055499806620793,-0.008617275240571987,0.006874351667523371,-0.004470451935552556
2026-02-09,0.007444133077086468,0.0022437183793835302,-0.004090951344630556,-0.006568907452738859,-0.006969593452346712,-0.0015883201586492258
2026-02-10,-0.002121020056346845,0.012346539613439234,-0.005174678926825105,0.00040082380453587696,0.007304945206078495,0.002551321928176331
2026-02-11,0.0069935003177907795,-0.025062001849009752,-0.005684298040796176,-0.01729204792604755,-0.0002843583727699661,-0.008265841174166531
2026-02-12,-0.01348130215075427,-0.05488356709752973,-0.007011091743491238,-0.05835995501934854,0.01699736852104028,-0.023347709498016702
2026-02-13,-0.02022224400288386,-0.02105379533767593,-0.01814034153399624,-0.012193416726503203,-0.010769219909464223,-0.016475803502104692
2026-02-16,0.012327398069824858,0.005348876067843733,0.024228299578640033,-0.002556360582020245,-0.0021207804987397605,0.007445486527109724
2026-02-17,-0.009811374982602317,0.0039901524882470785,-0.00010796492285991555,0.018746319078381646,-0.0029044698365845445,0.00198253236491639
2026-02-18,0.012860184532927255,-0.00827994796042042,-0.001080234977414829,-0.012579114746727016,0.0004972954422077791,-0.0017163635418854465
2026-02-19,-0.022063441957186347,-0.006308225011023683,-0.009841057154273192,-0.0023293707339959724,-0.013776349086977557,-0.010863688788691352
2026-02-20,0.007023806447532088,0.00309943481932895,-0.004095718973815776,-0.012623239952484822,0.004104170755059977,-0.0004983093808759166
2026-02-23,0.006058814721798367,-0.003685433022402429,0.012885907866915458,-0.018991922391850102,0.003513872983457844,-4.3751968416172525e-05
2026-02-24,0.0005602723452611258,-0.038336540696323196,-0.014183610096832222,-0.039171447443614005,-0.010433102537313554,-0.02031288568576437
2026-02-25,-0.02120658722132207,0.021603163841764195,-0.0031850946754928833,0.011446503898235205,0.011337361325356232,0.003999069433708136
2026-02-26,0.0059349587935093595,0.006997994530261842,-0.009916273908654127,-0.0007750868637663721,0.0031417822406680784,0.0010766749584037562
2026-02-27,-0.009169794935556141,-0.003890128422069261,-0.012074263837782429,0.008533052700256505,-0.018506621467999862,-0.007021551192630237
2026-03-02,-0.025755137390645833,-0.009061943817042617,-0.009405834929033241,-0.008614719162860385,-0.0035536264514219873,-0.011278252350200814
2026-03-04,-0.009572822989874274,-0.009833497332849994,-0.0122242200588204,0.01435332764071684,-0.006259077350968423,-0.0047072580183592505
2026-03-05,0.03301116723536035,-0.0034779042081746203,0.010475984155599027,-0.00122374805727965,-0.00571266444623697,0.006614566935853628
2026-03-06,0.011083904066363504,-0.00822084259439626,-0.023583044150976562,0.0019911106764523012,-0.032557424262248946,-0.010257259252961191
2026-03-09,0.013667380231682458,-0.011808053466025537,-0.01907700037065352,0.005044328747412452,-0.02664839264050245,-0.007764347499617319
2026-03-10,-0.010674129241834973,-0.005657880034987017,0.010407957360046627,-0.014752888477840398,0.026204656074120036,0.0011055431359008544
2026-03-11,-0.01320281777802923,-0.01917960685790865,-0.018247092896708117,-0.014896500050198491,-0.013186998996644439,-0.015742603315897788
2026-03-12,0.0014386776973818183,-0.009128131281324947,-0.0014389417316761355,-0.00822689638345464,-0.021705568913144013,-0.007812172122443584
2026-03-13,-0.008260270305528894,-0.01306087680065715,-0.01891320432964705,-0.013825298412313392,-0.009237948915631566,-0.012659519752755612
2026-03-16,0.010429502180503425,-0.0005393155904525049,0.028886147550208685,0.0012016614257990277,0.014424547993713954,0.010880508711954517
2026-03-17,0.0017919207711702967,-0.007263879508167981,0.0056506682863521895,-0.013522223163531466,0.012412549507167192,-0.0001861928214019538
2026-03-18,0.007512956232144763,0.02052941937722852,-0.0027207607032612158,0.027739457555591374,0.0004656706187058379,0.010705348616081857
2026-03-19,-0.016547107763784985,-0.03474276110078034,-0.053199650627666184,-0.0365400480422573,-0.030404210643703133,-0.03428675563563839
2026-03-20,0.0213749079885428,0.014685991154442357,-0.022237509259669497,0.0287515526408455,-0.0037596483773592038,0.007763058829360392
2026-03-23,-0.004666257826481779,-0.00284454234206033,-0.04651157983808685,0.0007166536830904846,-0.018227097392761182,-0.014306564743259932
2026-03-24,0.0028412958929566745,0.006292524089351659,0.027884110635976178,0.017106994976597623,0.023309054075455027,0.015486795934067434
2026-03-25,0.0009207592824262978,-0.00892120996380008,0.022748052841367272,0.0006257542660850213,0.0067934909600329,0.004433369477222282
2026-03-27,-0.04599812997457742,0.00521581510323732,-0.03336317260600907,-0.007348940821984673,-0.020560351116284292,-0.020410955883123628
2026-03-30,-0.003115491227037581,-0.012930025669942169,-0.03259723212950971,-0.015042917885841112,-0.022613058056771163,-0.01725974499382035
2026-04-01,0.01882573816032962,0.020899680038055868,0.014626523965534544,0.02007036954932917,0.0056388496415988865,0.016012232270969616
2026-04-02,-0.013657577915861752,0.01764796861977236,0.011653777095683715,0.019675573244817945,0.0025563915574924323,0.00757522652038094
2026-04-06,-0.03391338056926663,0.009466713706658192,0.026767855041769595,0.004151212709408547,0.012830972695986542,0.0038606747169112506
2026-04-07,-7.660557771316245e-05,0.02663818437456622,0.0012969825219191211,0.025417269563083655,0.01145032597255935,0.012945231370883038
2026-04-08,0.03311362925154748,0.0076383117206269,0.05712439300525385,0.005076835023299475,0.05114413288136577,0.030819460376418695
2026-04-09,-0.013206752133664734,0.011644243478057925,-0.022546206951919445,-0.010845353978939598,-0.02131062531822081,-0.011252938980937332
2026-04-10,0.015187987035020889,-0.024990327347917396,0.015795366089045526,-0.029363102339199365,0.03168649951098401,0.0016632845895867346
2026-04-13,-0.02599616182950437,-0.020480827820098302,-0.019252139613693764,-0.012146981076221142,0.022089358320372066,-0.011157350403829105
2026-04-15,0.02205158901526394,0.033284643798282776,0.01912672339401622,0.02232144514134693,-0.0022203635674509226,0.01891280755629179
2026-04-16,-0.0005951538075245066,0.008610934412301985,-0.01784172280484997,0.01064880248265676,-0.001928627716684117,-0.0002211534868199693
2026-04-17,0.016154221932395352,0.0017851704847950955,0.005594352903883548,-0.0003789946762072782,0.0009662229994376048,0.004824194728860865
2026-04-20,-0.0012453936740434157,-0.000735965737691413,-0.005563230230687499,-0.004625790714864464,0.006979411831912863,-0.0010381937050747859
2026-04-21,-0.00733514411354752,0.011978571828847429,0.020491541469136454,0.000457099401685257,0.02374288720000073,0.00986699115722447
2026-04-22,0.006502548387833373,-0.02758100689484666,-0.014598051977781523,-0.033962799554866474,-0.01498135244099319,-0.016924132496130895
2026-04-23,-0.013728767947403075,-0.006578677830816226,-0.01944000812886426,-0.022071616407382866,-0.014331596895618803,-0.015230133442017046
2026-04-24,-0.011612322406057696,-0.04952810595747359,0.0006374932238164543,-0.06932132872095875,-0.01617214121220789,-0.029199281014576296
2026-04-27,0.02861873765675349,0.021152340197958308,0.006306917078756191,0.013597868773237654,-0.009123856385237494,0.012110401464293631
2026-04-28,0.016913139279922884,-0.001184876037325644,-0.009179512571661053,-0.01555162902773255,-0.016817531622625004,-0.0051640819958842735
2026-04-29,0.026279801764230504,0.012271440290016145,-0.004536462160496746,0.013366931887263345,-0.008513964114992723,0.007773549533204105
2026-04-30,0.0037884784278527928,-0.00032323788850752155,-0.009370971627915337,0.012248465296620381,-0.013739184115041936,-0.001479289981398324
2026-05-01,0.0,0.0,0.0,0.0,0.0,0.0
2026-05-04,0.022574711776720546,-0.017219717952895564,0.009978036340457797,-0.011338667231728716,0.0058572095444628935,0.001970314495403391
2026-05-05,0.0003417276634201105,-0.0016452438055449825,-0.009109672141757286,0.008301918773358175,-0.015344708889922787,-0.0034911956800893545
2026-05-06,-0.017559404857963812,0.003336911744250326,0.031399749089936924,-0.009252240255914868,0.0225365505835049,0.006092313260762695
2026-05-07,-0.0011823388612344221,-0.013960673993727801,-0.0006277293256695682,-0.0038553611830102197,-0.00039080099483967956,-0.004003380871696338
2026-05-08,-0.0006962564559982454,-0.002914948045045218,-0.019094287675940236,0.01419110741372065,-0.011102336627374032,-0.0039233442781274165
2026-05-11,-0.0327480499097329,-0.0006264875051644747,-0.022027220345781418,-0.0018656012010918044,0.0012649613776545277,-0.011200479516823214
2026-05-12,-0.017432646312707356,-0.038697715313190106,-0.017285402840883424,-0.031180925722075647,-0.02060953073787042,-0.025041244185345393
2026-05-13,-0.00381228544543466,-0.011954948318025238,-0.001132669214373161,-0.015083864686515902,-0.0037894532492172006,-0.0071546441827132325
2026-05-14,0.0022078400297471656,-0.011791653995296691,0.026614222277917543,-0.025019987652072695,0.00841690813820084,8.54657596992324e-05
2026-05-15,-0.01865176919350786,0.008014133517786348,-0.0026639166161285255,0.021917849407550483,-0.0012038254876876042,0.0014824943256025686
2026-05-18,-0.0003741258009706261,0.008480562885712306,0.0014983680439768499,0.021000848686875795,0.005303315207532133,0.007181793804625292
2026-05-19,-0.009881095096107906,0.019227567093740072,-0.008066086243387116,0.04761492564390868,-0.008232735553478587,0.008132515168935029
2026-05-20,0.027973085446836077,0.0001287286537901,-0.003869072903534665,-0.0026736616713510797,-0.0028207309038392747,0.003747669724380231
2026-05-21,-0.007428072844503308,-8.584369114617019e-05,-0.0004608213615903134,-0.010471636857328326,0.0044451298224843505,-0.002800248986416753
2026-05-22,0.0036307001155833074,-0.004253957488008608,0.010077033756975995,-0.00567221394352746,0.01729968906201962,0.0042162503006085705
2026-05-25,0.009228523034322533,0.009578768467982224,0.026147593265809732,-0.005108460549326788,0.021751199545107625,0.012319524752779067
2026-05-26,-0.00782727074955647,-0.013863695533430809,-0.01010353495589067,-0.0006847677595628321,-0.00983137247465371,-0.008462128294618898
2026-05-27,-0.004276436694568342,0.0035147038427931765,-0.025998210590779114,-0.0066796722140674,-0.005003470863179094,-0.007688617303960155
2026-05-28,0.0,0.0,0.0,0.0,0.0,0.0
2026-05-29,-0.021695675384946322,-0.011076119411967511,-0.01858566838678044,0.0008620911182357638,-0.01280738948641702,-0.012660552310375106
2026-06-01,-0.0009082506285353897,0.0170436861551837,-0.0024847023765377507,0.03583427000602346,-0.013291974905118242,0.007238605650203156
2026-06-02,-0.004090889791988239,0.06507358393714768,0.007472758041013217,0.05679838726070363,-0.0105670686339141,0.02293735416259244
2026-06-03,-0.001064961136754583,-0.08386122221554515,0.007216830370820881,-0.037928963126298454,0.012555017646492583,-0.02061665969225695
2026-06-04,-0.007234252850892964,-0.0003122011517167067,0.0007297335723297493,-0.01742181461756276,0.00780997491923463,-0.0032857120257216103
2026-06-05,-0.005162943225685335,-0.018786335800248022,-0.009480276968216628,-0.003163214606722198,0.008308744426129167,-0.005656805234948603
2026-06-08,-0.021456197654434517,-0.02160170492476765,-0.011244112901075853,-0.00826732718636769,-0.009428746880817962,-0.014399617909492735
2026-06-09,0.0046702304406802675,-0.00018587231222533251,-0.0004062111669768109,-0.006146752535401534,0.019836810056854892,0.0035536408965862964
2026-06-10,-0.00819406141179535,0.0013481386260374428,0.011512144817837466,-0.00865576004272095,0.014353007261128425,0.002072693850097407
2026-06-11,0.003336472043979466,-0.008496096254216212,-0.003012635723958046,-0.02680526668413219,0.018325185401073085,-0.00333046824345078
2026-06-12,0.02375296912114022,0.012080851356331301,0.03740260424183384,0.0016149729656855794,0.018071406826400516,0.018584560902278294
2026-06-15,0.010827532869296164,0.00027757530025041,0.006343421388081083,0.016571121099455022,-0.009844923925420912,0.004834945346332353
2026-06-16,0.0166794558746175,0.01711383174475789,0.009712599233722363,0.007665830456182077,0.005046742733137322,0.01124369200848343
2026-06-17,0.002934905328449755,0.01091405793354494,0.002802798830629616,0.012329464748994212,0.001873661225739287,0.006170977613471563
2026-06-18,-0.003451621335989863,-0.008861877462246093,0.015118840210480489,-0.02608616433066724,0.004114272138304509,-0.0038333101560236397
2026-06-19,-0.014004951380058195,-0.03553761041857817,-0.00788805624304234,-0.06749443510947895,0.0031288878389361674,-0.024359233062444297
2026-06-22,0.012982054219167649,0.0013176169639199653,0.008463755737895706,0.013315578918501547,0.004381754698531193,0.008092152107603213
2026-06-23,-0.012815680361854542,-0.03205189512667539,-0.014941505131252697,-0.03388396354298129,-0.010425859035861351,-0.020823780639725054
2026-06-24,0.0031309473737590743,0.02398523787326501,0.02394628181545566,0.026522807211457833,0.02637673960834097,0.020792402776455714
2026-06-25,0.00342570042907675,-0.006780534579050257,0.003908189029538711,-0.014575075496781498,0.01011940715833548,-0.0007804626917761624
2026-06-26,0.0,0.0,0.0,0.0,0.0,0.0
2026-06-29,-0.01297320074551711,0.0015276973068651944,0.0032651471316733627,-0.004321936430111473,7.204088728474112e-05,-0.0024860503699610575
2026-06-30,-0.005457321741689114,-0.03165066334040867,-0.0011891503041673301,-0.03501488228756988,-0.008936329935560927,-0.016449669521879186
2026-07-01,0.010897268196839782,-0.02407086139105219,-0.0022557651048719096,-0.01509399865312655,0.0033450426385743803,-0.005435662862727298
2026-07-02,-0.0034403669724770714,0.04312527526027221,-0.0003140111691687375,0.05642955172021824,0.014639802598416685,0.02208805028745227
2026-07-03,0.0003835826620637306,0.012281675910466694,0.0064706159328209445,0.006052384100345032,0.00814285089995792,0.006666221901130865
2026-07-06,0.013266908610525263,-0.017148252342576664,0.03595279724342504,-0.0047746373502067785,0.010981961669627172,0.007655755566158806
2026-07-07,-0.009763130203093273,0.018711109987005425,-0.0006627556897623732,0.02840155348593809,-0.008550014006021511,0.005627352714813272
2026-07-08,-0.024839498160781792,-0.018415158181329327,-0.022910889038555315,-0.0023325246184989767,-0.024104063786509533,-0.01852042675713499
2026-07-09,0.0030566849591946443,-0.003888235901543191,0.008947303602641066,-0.017301037272255515,7.240093999949515e-05,-0.0018225767343927005
2026-07-10,0.02187841766816523,0.009514461356034731,0.009051464160667821,0.01636843392903975,0.014847537512027387,0.014332062925186984
2026-07-13,-0.008334626095043873,0.05437418749512801,-0.008485362623697035,0.03239698088570919,0.005923567304255917,0.015174949393270444
2026-07-14,-0.0030071897144303694,0.008755444513198984,-0.010452946592541479,-0.00879734390227993,-0.0012771074193801413,-0.0029558286230865873
2026-07-15,0.0019334880123742515,0.0002740809142187661,0.007474657289945563,-0.015188924160594919,0.00603822964528522,0.00010630634024577645
2026-07-16,0.0008490741689983761,0.0053901192633447614,-0.008768194625089043,0.0056675418649094755,0.0014122274191163964,0.0009101536182559934
2026-07-17,0.023600166714571547,0.030895047705588263,0.013979943045431487,0.013026584689491472,0.018403721001933215,0.0199810926314032
2026-07-20,-0.0030891920861791933,-0.007888894818752767,-0.051244511043297525,-0.008572753683595558,0.011008717191209216,-0.011957326888123166
2026-07-21,-0.014662553678508772,-0.013326817421950632,-0.020768986478860052,-0.012510326456963816,0.001986013099357198,-0.011856534187385217
2026-07-22,-0.011582400975289064,-0.005762932000062393,-0.010900239884311769,-0.019934815476537082,-0.01530998154560248,-0.012698073976360557
2026-07-23,-0.01272700971968066,0.015668094348857187,-0.007833797016275179,-0.004467209657768034,-0.004234015551011994,-0.002718787519175736
2026-07-24,0.004559070154642297,0.00508277095757248,-0.005955185288767151,-0.006205842895255054,-0.0011850014681662469,-0.0007408377079947348
2026-07-27,0.0015649452269170805,0.01832056422550954,-0.0043753366362545565,0.03679500995244189,0.008932934393476977,0.012247623432418187
2026-07-28,-0.009609413146972612,0.04460702996497412,-0.0056114710937809065,0.0245552272043974,-0.010306394707499389,0.008726995644223724
2026-07-29,0.006468465376690435,0.020266929798269384,0.017405476431915146,0.045129806111663395,0.004962262730547895,0.018846588089817252
2026-07-30,0.01332392795258941,-0.006049230866255084,0.007685110807521545,-0.00043267567546156904,-0.002781829535335012,0.0023490605366118583
2026-07-31,0.011524498517056836,-0.027222612814641778,-0.007692801510793101,-0.0216431482368602,0.0010460746745364347,-0.008797597874140363
2026-08-03,0.008563962955889792,0.04569658820302136,0.006482624377023738,0.04415540703661214,0.02571306376154081,0.026122329266817568
2026-08-04,-0.021303999686078434,-0.005538242892144218,-0.014608233731739695,-0.010593220338983023,-0.0036986468589469412,-0.011148468701578464
2026-08-05,-0.00844374018740146,-0.019105691056910623,-0.009433962264150941,0.005567451820128522,-0.003093634040649107,-0.006901915145796723
2026-08-06,0.03515625,-0.016576875259013635,-0.0009523975605867374,-0.0076660988074956915,0.005103113260223502,0.003012798326625487
2026-08-07,0.00739626326650944,0.03358615725742742,-0.0044940594414106805,0.008669506940718774,-0.025042881646655246,0.004022997275317941
2026-08-10,-0.005618819093230143,-0.011008276812293993,0.0,0.006722853015228125,0.007600315853712125,-0.0004607854073167773
2026-08-11,-0.002561609499724171,0.008245042834064353,-0.002735978112175075,0.006508834464814095,-0.0015365785494896311,0.0015839422274979142
2026-08-12,0.003852236189960445,-0.03925256651127662,0.0,-0.012261674800245315,0.0014689253090374166,-0.009238615962504814
2026-08-13,-0.009029345372460473,0.010767353004159874,-0.005486968449931462,-0.0009352738787273829,-0.017391844096501408,-0.00441521575869217
2026-08-14,-0.005315110098709219,-0.005894736842105286,0.0027586206896552667,-0.004936211768617027,0.007250462622866438,-0.0012273950793819655
2026-08-17,0.004580152671755711,-0.020245679300349373,0.0027510316368637433,-0.025059808400133443,-0.0011996832546753433,-0.007834797329307742
2026-08-18,0.004559270516717229,-0.014352391437262413,-0.008230452674897082,-0.02184404235525983,-0.002331695551665902,-0.008439862300473598
2026-08-19,-0.008320726172465931,0.003947368421052699,-0.004149377593360981,0.004304976527466309,-0.007082152974504208,-0.0022599823583624224
2026-08-20,0.0016780710693173884,0.003931847968545288,0.007013871934678839,0.00910872542160468,0.007061358355251457,0.00575877494987953
2026-08-21,0.0021322334238791374,0.0017406440382941035,0.002620542646785129,-0.007964601769911539,0.005736932818100282,0.0008531502314294225
2026-08-24,-0.004711209097169489,-0.007775804667137232,0.00281998453613741,0.00802854594112401,-0.0035211267605633756,-0.001031922009521735
2026-08-25,0.0054969849621830935,0.0052974269945702535,-0.002057613168724326,0.012389380530973382,0.005441661605565473,0.005313568184913575
2026-08-26,-0.014426727410782103,-0.011410134887644974,-0.0004123543545961894,-0.020979020979020935,0.005131123271714388,-0.008419422872065964
2026-08-27,-0.012172610807492323,-0.009515461522577096,-0.022277244135165297,-0.008214242117745574,0.009090909090909038,-0.008617729898414252
2026-08-28,0.0037436039704557,0.04162964851523099,0.013080151607550938,0.02988832347180792,-0.013998580160689555,0.014868629480871198
2026-08-31,-0.007770007770007803,0.024466288995783625,-0.015687891134903986,-0.008916041234156458,0.021928556438814084,0.002804181059105892
2026-09-01,0.025058731401722767,-0.01262870345996292,0.004090302417577574,0.019580128960851928,-0.011004126547455306,0.005019266554546809
2026-09-02,0.003132143304765078,-0.008864499788940439,-0.015592128445605535,-0.01384083044982698,-0.007997218358831715,-0.008632506747687918
2026-09-03,-0.008072481747787408,-0.01188241156037051,0.008347655141258237,-0.008508729098135936,0.002453557658604888,-0.003532481921286146
2026-09-04,0.01497120921305184,-0.006939397861546626,0.007712376683767896,-0.00026545944896316787,-0.004755278900786752,0.0021446899371046386
2026-09-07,-0.009455370650529482,-0.01475694444444442,-0.0022468412312764974,-0.03761061946902655,0.00302139472713181,-0.012209676213629029
2026-09-08,-0.011149274979715518,-0.006387665198237857,-0.010555946516537684,-0.005057471264367841,-0.01968474647000873,-0.010567020885773527
2026-09-09,-0.01227895908122889,-0.02105963201064065,-0.02261738892469778,-0.043438077634011085,-0.007360332034035633,-0.02135087793692281
2026-09-10,-0.003909304143862369,-0.0017662601194520233,0.009751146041473424,0.0014492753623187582,-0.00331147913525609,0.00044267560104433996
2026-09-11,-0.01295133437990581,-0.0014972318324535383,0.02082734572105993,0.0011576952936565021,-0.003755833276904985,0.0007561283050904204
2026-09-14,0.0,0.0,0.0,0.0,0.0,0.0
2026-09-15,-0.017654036717196786,0.02280986462109791,0.011719008532253827,0.03787226624010476,-0.0209526741035182,0.006758885714548302
2026-09-16,0.003804704109203083,-0.027632141791148368,0.006908118472345182,-0.01578458681522743,0.006220397113593901,-0.005296701782246727
2026-09-17,0.0031451809790825624,0.0005482232936340203,-0.011781011781011763,-0.0013207777491155426,-0.008242620576770499,-0.0035302011668362446
2026-09-18,-0.014068654760452604,-0.038812785388127824,0.02524544179523147,-0.0068013898903500625,-0.006455885522031357,-0.008178654753146075
2026-09-21,0.01712328733035795,0.011258884167161476,0.011627906976744207,-0.012269378081146254,0.004555960471064324,0.006459332172836342
2026-09-22,-0.005611672168507553,-0.011133533008645946,-0.0012170715538371013,-0.008762614911831945,-0.004014888040195119,-0.006147955936603533
2026-09-23,0.006127035985449503,-0.007315868096793299,-0.0018277492967239128,-0.008645836606744228,0.00029861482633086744,-0.002272760637696214
2026-09-24,-0.023076962202023266,-0.0012443039503904352,-0.0113258400623093,-0.005879470847623747,-0.004104477611940327,-0.009126210934857416
2026-09-25,0.005577468094211113,-0.002395783421178743,0.009191865753140682,-0.014095601570200844,-0.005769914703540602,-0.0014983931695136785
2026-09-28,-0.023164783371992237,-0.005427497035602746,-0.022498624717579685,0.002999400083369519,-0.01869162489858911,-0.013356625988078852
2026-09-29,-0.013026031983931041,-0.018496125784007167,0.005076176171375568,0.012161096549621497,-0.0075269192228302195,-0.004362360853954273
2026-09-30,0.004230118443316444,0.008954966061582637,-0.019371799866511497,-0.020977002477832296,0.022829284255309723,-0.0008668867168269978
2026-10-01,-0.016259518810551765,0.011898908213082704,0.017637928297859817,0.041142767748238995,-0.008398256787477187,0.009204365732230511
2026-10-02,0.0,0.0,0.0,0.0,0.0,0.0
2026-10-05,0.016014450650118306,0.018987904743975825,-0.02273991144824694,-0.01400966183574881,0.01632841813879571,0.002916240049778818
